OBJECTID,Class_Name,FLAB,FLAC,FLAL,FLBA,FLBC,FLBI,FLCB,FLCE,FLCK,FLCO,FLCR,FLDB,FLDC,FLDT,FLFD,FLFG,FLFL,FLFM,FLFP,FLJA,FLJD,FLKD,FLKL,FLKW,FLLK,FLLO,FLMI,FLMT,FLNA,FLNP,FLNR,FLPE,FLPI,FLPR,FLPS,FLSA,FLSB,FLSC,FLSM,FLSP,FLSR,FLST,FLTA,FLTT,FLVE,FLWP
1, ,0,0,0,0,0,0,0,0,0,0,0,0,0,13239,127477,0,0,0,0,0,0,0,0,0,0,0,0,1258,10663,0,0,0,0,0,0,19876,0,115787,0,0,0,0,0,0,1144,0
2,Unclassified to Unclassified,0,0,0,0,0,0,0,0,0,0,0,0,0,0,0,0,0,0,0,0,0,0,0,0,0,0,0,0,0,0,0,0,0,0,0,0,0,0,0,0,0,0,0,0,0,0
3,Unclassified to High Intensity Developed,0,0,0,0,0,0,0,0,0,0,0,0,0,0,0,0,0,0,0,0,0,0,0,0,0,0,0,0,0,0,0,0,0,0,0,0,0,0,0,0,0,0,0,0,0,0
4,Unclassified to Medium Intensity Developed,0,0,0,0,0,0,0,0,0,0,0,0,0,0,0,0,0,0,0,0,0,0,0,0,0,0,0,0,0,0,0,0,0,0,0,0,0,0,0,0,0,0,0,0,0,0
5,Unclassified to Low Intensity Developed,0,0,0,0,0,0,0,0,0,0,0,0,0,0,0,0,0,0,0,0,0,0,0,0,0,0,0,0,0,0,0,0,0,0,0,0,0,0,0,0,0,0,0,0,0,0
6,Unclassified to Developed Open Space,0,0,0,0,0,0,0,0,0,0,0,0,0,0,0,0,0,0,0,0,0,0,0,0,0,0,0,0,0,0,0,0,0,0,0,0,0,0,0,0,0,0,0,0,0,0
7,Unclassified to Cultivated,0,0,0,0,0,0,0,0,0,0,0,0,0,0,0,0,0,0,0,0,0,0,0,0,0,0,0,0,0,0,0,0,0,0,0,0,0,0,0,0,0,0,0,0,0,0
8,Unclassified to Pasture/Hay,0,0,0,0,0,0,0,0,0,0,0,0,0,0,0,0,0,0,0,0,0,0,0,0,0,0,0,0,0,0,0,0,0,0,0,0,0,0,0,0,0,0,0,0,0,0
9,Unclassified to Grassland,0,0,0,0,0,0,0,0,0,0,0,0,0,0,0,0,0,0,0,0,0,0,0,0,0,0,0,0,0,0,0,0,0,0,0,0,0,0,0,0,0,0,0,0,0,0
10,Unclassified to Deciduous Forest,0,0,0,0,0,0,0,0,0,0,0,0,0,0,0,0,0,0,0,0,0,0,0,0,0,0,0,0,0,0,0,0,0,0,0,0,0,0,0,0,0,0,0,0,0,0
11,Unclassified to Evergreen Forest,0,0,0,0,0,0,0,0,0,0,0,0,0,0,0,0,0,0,0,0,0,0,0,0,0,0,0,0,0,0,0,0,0,0,0,0,0,0,0,0,0,0,0,0,0,0
12,Unclassified to Mixed Forest,0,0,0,0,0,0,0,0,0,0,0,0,0,0,0,0,0,0,0,0,0,0,0,0,0,0,0,0,0,0,0,0,0,0,0,0,0,0,0,0,0,0,0,0,0,0
13,Unclassified to Scrub/Shrub,0,0,0,0,0,0,0,0,0,0,0,0,0,0,0,0,0,0,0,0,0,0,0,0,0,0,0,0,0,0,0,0,0,0,0,0,0,0,0,0,0,0,0,0,0,0
14,Unclassified to Palustrine Forested Wetland,0,0,0,0,0,0,0,0,0,0,0,0,0,0,0,0,0,0,0,0,0,0,0,0,0,0,0,0,0,0,0,0,0,0,0,0,0,0,0,0,0,0,0,0,0,0
15,Unclassified to Palustrine Scrub/Shrub Wetland,0,0,0,0,0,0,0,0,0,0,0,0,0,0,0,0,0,0,0,0,0,0,0,0,0,0,0,0,0,0,0,0,0,0,0,0,0,0,0,0,0,0,0,0,0,0
16,Unclassified to Palustrine Emergent Wetland,0,0,0,0,0,0,0,0,0,0,0,0,0,0,0,0,0,0,0,0,0,0,0,0,0,0,0,0,0,0,0,0,0,0,0,0,0,0,0,0,0,0,0,0,0,0
17,Unclassified to Estuarine Forested Wetland,0,0,0,0,0,0,0,0,0,0,0,0,0,0,0,0,0,0,0,0,0,0,0,0,0,0,0,0,0,0,0,0,0,0,0,0,0,0,0,0,0,0,0,0,0,0
18,Unclassified to Estuarine Scrub/Shrub Wetland,0,0,0,0,0,0,0,0,0,0,0,0,0,0,0,0,0,0,0,0,0,0,0,0,0,0,0,0,0,0,0,0,0,0,0,0,0,0,0,0,0,0,0,0,0,0
19,Unclassified to Estuarine Emergent Wetland,0,0,0,0,0,0,0,0,0,0,0,0,0,0,0,0,0,0,0,0,0,0,0,0,0,0,0,0,0,0,0,0,0,0,0,0,0,0,0,0,0,0,0,0,0,0
20,Unclassified to Unconsolidated Shore,0,0,0,0,0,0,0,0,0,0,0,0,0,0,0,0,0,0,0,0,0,0,0,0,0,0,0,0,0,0,0,0,0,0,0,0,0,0,0,0,0,0,0,0,0,0
21,Unclassified to Bare Land,0,0,0,0,0,0,0,0,0,0,0,0,0,0,0,0,0,0,0,0,0,0,0,0,0,0,0,0,0,0,0,0,0,0,0,0,0,0,0,0,0,0,0,0,0,0
22,Unclassified to Water,0,0,0,0,0,0,0,0,0,0,0,0,0,0,0,0,0,0,0,0,0,0,0,0,0,0,0,0,0,0,0,0,0,0,0,0,0,0,0,0,0,0,0,0,0,0
23,Unclassified to Palustrine Aquatic Bed,0,0,0,0,0,0,0,0,0,0,0,0,0,0,0,0,0,0,0,0,0,0,0,0,0,0,0,0,0,0,0,0,0,0,0,0,0,0,0,0,0,0,0,0,0,0
24,Unclassified to Estuarine Aquatic Bed,0,0,0,0,0,0,0,0,0,0,0,0,0,0,0,0,0,0,0,0,0,0,0,0,0,0,0,0,0,0,0,0,0,0,0,0,0,0,0,0,0,0,0,0,0,0
25,Unclassified to Tundra,0,0,0,0,0,0,0,0,0,0,0,0,0,0,0,0,0,0,0,0,0,0,0,0,0,0,0,0,0,0,0,0,0,0,0,0,0,0,0,0,0,0,0,0,0,0
26,Unclassified to Snow/Ice,0,0,0,0,0,0,0,0,0,0,0,0,0,0,0,0,0,0,0,0,0,0,0,0,0,0,0,0,0,0,0,0,0,0,0,0,0,0,0,0,0,0,0,0,0,0
27,High Intensity Developed to Unclassified,0,0,0,0,0,0,0,0,0,0,0,0,0,0,0,0,0,0,0,0,0,0,0,0,0,0,0,0,0,0,0,0,0,0,0,0,0,0,0,0,0,0,0,0,0,0
28,High Intensity Developed to High Intensity Developed,5224,268,6040,19537,9560,410,11280,23,70,9989,2671,8281,71855,0,934,1369,46928,9064,8161,12564,3634,18932,983,5322,622,0,1252,658,11398,18285,16366,14105,3046,4815,348,3340,857,678,134,35253,21241,9019,58577,1996,8103,17122
29,High Intensity Developed to Medium Intensity Developed,150,0,68,39,8,0,3,0,0,132,6,1,15,0,0,0,102,22,114,34,40,76,0,0,0,0,0,17,22,44,25,0,28,51,5,30,3,1,0,19,48,39,3,10,52,110
30,High Intensity Developed to Low Intensity Developed,1,0,0,3,0,0,0,0,0,8,1,2,0,0,0,0,17,0,28,4,1,21,0,0,0,0,0,0,1,2,0,0,3,0,0,2,0,0,0,0,5,2,0,2,1,37
31,High Intensity Developed to Developed Open Space,0,0,4,1,0,0,0,0,0,81,1,0,0,0,0,0,4,1,10,1,54,1,0,0,0,0,0,2,0,0,0,0,0,6,0,2,1,0,0,7,0,14,0,1,0,2
32,High Intensity Developed to Cultivated,0,0,0,0,0,0,0,0,0,0,0,0,0,0,0,0,0,0,0,0,0,0,0,0,0,0,0,0,0,0,0,0,0,0,0,0,0,0,0,0,0,0,0,0,0,1
33,High Intensity Developed to Pasture/Hay,4,0,0,0,0,0,0,0,0,0,0,0,0,0,0,0,0,0,0,0,0,0,0,0,0,0,0,0,0,5,0,0,0,1,0,0,0,0,0,0,0,0,0,0,0,0
34,High Intensity Developed to Grassland,1,0,0,1,1,0,0,0,0,68,0,3,1,0,0,1,4,1,1,9,4,0,0,0,0,0,0,0,0,0,1,0,32,5,0,0,0,0,0,0,1,0,10,0,0,1
35,High Intensity Developed to Deciduous Forest,0,0,0,0,0,0,0,0,0,0,0,0,0,0,0,0,0,0,0,0,0,0,0,0,0,0,0,0,0,0,0,0,0,0,0,0,0,0,0,0,0,0,0,0,0,0
36,High Intensity Developed to Evergreen Forest,0,0,1,0,0,0,0,0,0,0,0,0,0,0,0,0,0,0,1,0,0,0,0,0,0,0,0,0,0,0,0,1,0,0,0,1,0,0,0,0,0,0,0,0,0,0
37,High Intensity Developed to Mixed Forest,0,0,0,0,0,0,0,0,0,0,0,0,0,0,0,0,0,0,0,0,0,0,0,0,0,0,0,0,0,0,0,0,0,0,0,0,0,0,0,0,0,0,1,0,0,0
38,High Intensity Developed to Scrub/Shrub,4,0,0,1,0,0,0,0,0,0,0,0,0,0,0,3,0,0,0,8,0,0,0,0,0,0,0,1,1,0,6,5,2,0,0,1,0,0,0,1,1,0,17,0,0,0
39,High Intensity Developed to Palustrine Forested Wetland,0,0,0,0,0,0,0,0,0,0,0,0,0,0,0,0,0,0,0,0,0,0,0,0,0,0,0,0,0,0,0,0,0,0,0,0,0,0,0,0,0,0,0,0,0,0
40,High Intensity Developed to Palustrine Scrub/Shrub Wetland,0,0,0,0,0,0,0,0,0,1,0,1,0,0,0,0,0,0,0,0,0,0,0,0,0,0,0,0,0,0,1,2,0,0,0,0,0,0,0,1,0,0,5,0,0,0
41,High Intensity Developed to Palustrine Emergent Wetland,6,0,1,6,1,0,0,0,0,0,0,0,0,0,0,0,0,1,3,3,0,0,0,0,0,0,0,0,1,3,11,2,1,5,0,1,0,0,0,0,0,0,2,0,0,0
42,High Intensity Developed to Estuarine Forested Wetland,0,0,0,0,0,0,0,0,0,0,0,0,0,0,0,0,0,0,0,0,0,0,0,0,0,0,0,0,0,0,0,0,0,0,0,0,0,0,0,0,0,0,0,0,0,0
43,High Intensity Developed to Estuarine Scrub/Shrub Wetland,0,0,0,0,0,1,0,0,0,0,0,0,0,0,0,0,0,0,0,0,0,0,0,0,0,0,0,0,0,0,0,0,0,0,0,0,0,0,0,0,0,0,0,0,0,0
44,High Intensity Developed to Estuarine Emergent Wetland,0,0,2,0,0,6,0,0,0,0,0,0,0,0,0,0,0,6,0,0,0,0,0,0,0,0,0,0,0,0,0,0,0,4,0,0,0,0,0,0,0,0,0,0,0,0
45,High Intensity Developed to Unconsolidated Shore,0,0,0,0,0,0,0,0,0,0,0,0,0,0,0,0,0,0,0,4,0,0,0,0,0,0,0,0,0,0,0,0,0,0,0,0,0,0,0,0,0,0,0,0,0,0
46,High Intensity Developed to Bare Land,51,5,3,3,45,17,8,0,0,44,0,2,7,0,0,3,22,5,47,32,33,52,0,0,0,0,0,6,6,10,1,13,0,180,5,14,33,0,0,12,15,23,24,11,6,66
47,High Intensity Developed to Water,2,0,91,44,0,1,1,0,0,85,0,8,30,0,17,1,104,88,64,138,67,14,0,0,0,0,1,7,40,13,13,1,19,35,0,7,9,7,0,5,6,27,1,19,16,99
48,High Intensity Developed to Palustrine Aquatic Bed,0,0,0,0,0,0,0,0,0,0,0,0,0,0,0,0,0,0,0,0,0,0,0,0,0,0,0,0,0,0,0,0,0,0,0,0,0,0,0,0,0,0,0,0,0,0
49,High Intensity Developed to Estuarine Aquatic Bed,0,0,0,0,0,0,0,0,0,0,0,0,0,0,0,0,0,0,0,0,0,0,0,0,0,0,0,0,0,0,0,0,0,0,0,0,0,0,0,0,0,0,0,0,0,0
50,High Intensity Developed to Tundra,0,0,0,0,0,0,0,0,0,0,0,0,0,0,0,0,0,0,0,0,0,0,0,0,0,0,0,0,0,0,0,0,0,0,0,0,0,0,0,0,0,0,0,0,0,0
51,High Intensity Developed to Snow/Ice,0,0,0,0,0,0,0,0,0,0,0,0,0,0,0,0,0,0,0,0,0,0,0,0,0,0,0,0,0,0,0,0,0,0,0,0,0,0,0,0,0,0,0,0,0,0
52,Medium Intensity Developed to Unclassified,0,0,0,0,0,0,0,0,0,0,0,0,0,0,0,0,0,0,0,0,0,0,0,0,0,0,0,0,0,0,0,0,0,0,0,0,0,0,0,0,0,0,0,0,0,0
53,Medium Intensity Developed to High Intensity Developed,46,0,17,28,0,0,30,0,0,8,0,10,25,0,0,9,43,13,2,9,18,59,0,0,0,0,0,1,28,11,7,9,3,1,0,5,2,0,0,23,5,36,24,0,2,111
54,Medium Intensity Developed to Medium Intensity Developed,35553,1094,35402,61925,31749,469,27168,123,432,37098,10287,26962,106750,0,5078,8798,128224,41687,24734,23046,23727,64723,3468,11735,3960,4,3247,4793,40710,77387,69101,30940,19047,26551,2987,12406,7557,2506,744,97960,70304,33861,106719,14188,33218,98711
55,Medium Intensity Developed to Low Intensity Developed,162,0,142,97,29,0,32,0,0,153,17,5,5,0,0,20,83,84,164,59,11,56,0,0,0,0,0,10,88,35,54,43,158,36,17,72,10,0,5,12,62,31,0,59,82,250
56,Medium Intensity Developed to Developed Open Space,4,0,31,17,9,0,1,0,0,16,1,0,2,0,0,8,11,9,34,3,97,3,1,0,0,0,1,28,6,0,0,0,1,26,0,4,8,0,2,15,6,1,0,8,10,21
57,Medium Intensity Developed to Cultivated,0,0,0,0,0,0,0,0,0,0,0,0,0,0,0,0,0,0,0,0,0,0,0,0,0,0,0,0,0,0,0,0,0,0,0,0,0,0,0,0,0,0,0,0,0,1
58,Medium Intensity Developed to Pasture/Hay,0,0,0,0,0,0,0,0,0,0,0,0,0,0,0,0,0,0,0,0,0,0,0,0,0,0,0,0,0,0,0,0,0,2,0,0,0,0,0,0,0,0,0,0,0,0
59,Medium Intensity Developed to Grassland,35,0,5,4,7,0,3,0,0,33,2,10,20,0,0,5,4,3,7,7,8,1,0,0,0,0,0,2,6,1,14,2,77,8,11,3,0,0,0,78,7,6,9,5,0,10
60,Medium Intensity Developed to Deciduous Forest,0,0,0,0,0,0,0,0,0,0,0,0,0,0,0,0,0,0,0,0,0,0,0,0,0,0,0,0,0,0,0,0,0,0,0,0,0,0,0,0,0,0,0,0,0,0
61,Medium Intensity Developed to Evergreen Forest,2,0,2,0,2,0,4,0,0,1,0,1,0,0,0,0,0,1,2,0,0,0,0,0,0,0,0,0,0,0,3,1,0,2,1,1,0,0,0,0,0,0,1,0,0,0
62,Medium Intensity Developed to Mixed Forest,0,0,0,0,0,0,0,0,0,2,0,3,0,0,0,0,0,0,0,0,0,0,0,0,0,0,0,0,0,0,0,0,0,0,0,0,0,0,0,0,0,0,0,0,0,0
63,Medium Intensity Developed to Scrub/Shrub,12,0,14,0,6,0,4,0,0,0,2,6,0,0,0,7,0,2,6,29,0,0,0,0,0,0,0,2,10,0,24,82,9,4,6,2,0,0,0,9,1,1,14,1,0,0
64,Medium Intensity Developed to Palustrine Forested Wetland,0,0,0,0,0,0,0,0,0,0,0,1,0,0,0,0,1,0,0,0,0,0,0,0,0,0,0,0,1,0,4,2,4,4,0,0,0,0,1,0,0,0,0,0,0,0
65,Medium Intensity Developed to Palustrine Scrub/Shrub Wetland,0,0,0,1,0,0,0,0,0,1,0,4,0,0,0,1,0,4,0,4,0,0,0,0,0,0,0,0,4,0,8,11,6,0,0,4,0,0,0,7,1,2,4,0,0,0
66,Medium Intensity Developed to Palustrine Emergent Wetland,12,0,8,9,0,0,0,0,0,1,3,0,0,0,0,7,11,5,14,1,2,1,0,0,0,0,0,0,45,0,48,2,3,25,6,4,0,0,0,0,3,11,3,15,0,9
67,Medium Intensity Developed to Estuarine Forested Wetland,0,0,0,0,0,0,0,0,0,0,0,0,0,0,0,0,0,0,0,0,0,0,0,0,0,0,0,0,0,0,1,0,0,0,0,0,0,0,0,0,0,0,0,0,0,0
68,Medium Intensity Developed to Estuarine Scrub/Shrub Wetland,0,0,0,0,0,0,0,0,0,0,0,0,0,0,0,0,0,1,0,0,0,0,0,0,0,0,0,0,0,0,0,0,0,0,0,0,0,0,0,0,0,0,0,0,0,0
69,Medium Intensity Developed to Estuarine Emergent Wetland,0,0,2,0,0,1,0,0,0,0,0,0,0,0,0,0,0,9,0,0,0,0,0,0,0,0,0,0,1,0,0,0,0,13,0,0,0,0,0,1,0,0,0,13,0,0
70,Medium Intensity Developed to Unconsolidated Shore,0,0,0,0,0,0,0,0,0,0,0,0,0,0,0,0,0,0,0,0,0,0,0,0,0,0,0,1,0,0,0,0,0,0,0,0,0,0,0,0,0,0,0,0,0,0
71,Medium Intensity Developed to Bare Land,45,3,26,9,56,15,33,0,0,52,10,6,69,0,0,35,175,10,72,83,36,73,0,0,0,0,0,40,33,15,21,37,5,110,28,36,39,0,0,23,9,68,14,70,39,259
72,Medium Intensity Developed to Water,2,0,253,229,0,0,2,0,0,312,0,17,28,0,21,15,134,219,81,104,70,55,0,0,2,0,4,37,201,39,34,13,87,495,0,13,20,9,0,13,47,72,16,111,260,308
73,Medium Intensity Developed to Palustrine Aquatic Bed,0,0,0,0,0,0,0,0,0,0,0,0,0,0,0,0,0,0,0,0,0,0,0,0,0,0,0,0,0,0,0,0,0,0,0,0,0,0,0,0,0,0,0,0,0,0
74,Medium Intensity Developed to Estuarine Aquatic Bed,0,0,0,0,0,0,0,0,0,0,0,0,0,0,0,0,0,0,0,0,0,0,0,0,0,0,0,0,0,0,0,0,0,0,0,0,0,0,0,0,0,0,0,0,0,0
75,Medium Intensity Developed to Tundra,0,0,0,0,0,0,0,0,0,0,0,0,0,0,0,0,0,0,0,0,0,0,0,0,0,0,0,0,0,0,0,0,0,0,0,0,0,0,0,0,0,0,0,0,0,0
76,Medium Intensity Developed to Snow/Ice,0,0,0,0,0,0,0,0,0,0,0,0,0,0,0,0,0,0,0,0,0,0,0,0,0,0,0,0,0,0,0,0,0,0,0,0,0,0,0,0,0,0,0,0,0,0
77,Low Intensity Developed to Unclassified,0,0,0,0,0,0,0,0,0,0,0,0,0,0,0,0,0,0,0,0,0,0,0,0,0,0,0,0,0,0,0,0,0,0,0,0,0,0,0,0,0,0,0,0,0,0
78,Low Intensity Developed to High Intensity Developed,15,0,19,4,1,0,58,0,0,24,2,33,56,0,0,12,69,105,13,23,21,93,0,0,0,0,0,1,14,5,12,47,6,33,0,10,16,0,0,0,0,37,28,0,3,77
79,Low Intensity Developed to Medium Intensity Developed,171,0,269,98,21,1,8,0,0,36,13,16,176,0,0,59,624,19,27,138,66,400,0,0,0,0,1,16,139,14,21,14,51,22,9,48,30,1,4,2,71,117,15,1,55,840
80,Low Intensity Developed to Low Intensity Developed,111667,4855,45953,82976,60430,673,53092,417,2214,58319,50251,64299,111774,0,3146,50677,169972,124982,69447,51418,53588,167140,4103,8597,7135,263,9262,16768,71114,85363,56338,66793,59512,67524,11236,35851,30821,7918,4626,120926,76703,95023,120974,16163,42990,134753
81,Low Intensity Developed to Developed Open Space,150,0,166,68,29,0,15,0,0,58,60,4,48,0,0,30,126,165,270,32,402,44,0,0,0,0,0,123,69,7,49,30,33,83,3,60,43,3,2,10,42,85,1,76,92,214
82,Low Intensity Developed to Cultivated,0,0,0,0,0,0,0,0,0,0,0,0,0,0,0,0,0,0,0,0,0,0,0,0,0,0,0,0,0,0,0,0,5,0,0,0,0,0,0,0,0,0,0,0,0,6
83,Low Intensity Developed to Pasture/Hay,3,0,0,0,0,0,0,0,0,0,0,0,0,0,0,0,0,0,3,0,0,0,0,0,0,0,0,0,0,0,0,0,0,1,0,0,0,0,0,0,0,0,0,0,0,0
84,Low Intensity Developed to Grassland,82,0,14,6,6,0,6,0,0,21,6,35,28,0,0,7,46,6,10,7,31,5,0,0,0,0,0,9,43,0,14,1,30,4,18,9,18,0,0,109,2,8,2,11,1,55
85,Low Intensity Developed to Deciduous Forest,0,0,0,0,0,0,0,0,0,0,0,0,0,0,0,0,0,0,0,0,0,0,0,0,0,0,0,0,0,0,0,0,0,0,0,0,0,0,0,0,0,0,0,0,0,0
86,Low Intensity Developed to Evergreen Forest,4,0,0,0,2,0,2,0,1,0,1,0,0,0,0,0,0,4,3,1,0,0,0,0,0,0,0,0,1,0,8,2,0,7,4,0,2,0,4,0,0,0,1,0,0,0
87,Low Intensity Developed to Mixed Forest,1,0,0,0,0,0,0,0,0,1,0,2,0,0,0,0,0,0,0,0,0,0,0,0,0,0,0,0,0,0,1,0,0,0,0,0,0,0,0,0,0,0,0,0,0,0
88,Low Intensity Developed to Scrub/Shrub,20,0,36,0,13,0,13,0,1,1,9,18,0,0,0,5,1,8,12,28,0,5,0,0,0,0,0,8,15,1,16,58,23,6,20,12,3,2,2,25,0,6,3,0,0,3
89,Low Intensity Developed to Palustrine Forested Wetland,0,0,0,0,0,0,0,0,0,2,0,1,1,0,0,1,2,0,5,0,0,0,0,0,0,0,0,0,1,1,0,0,1,13,0,1,0,2,0,0,0,8,1,0,1,0
90,Low Intensity Developed to Palustrine Scrub/Shrub Wetland,0,0,4,11,1,0,0,0,0,2,1,3,0,0,0,2,2,7,11,9,0,0,0,0,0,0,0,3,8,0,17,11,2,6,3,15,1,0,0,14,0,3,9,4,2,6
91,Low Intensity Developed to Palustrine Emergent Wetland,28,0,9,6,1,0,0,0,0,6,3,4,0,0,0,4,25,19,27,5,1,1,0,0,0,0,0,1,147,1,18,0,0,17,6,6,1,0,0,5,7,30,0,24,7,40
92,Low Intensity Developed to Estuarine Forested Wetland,0,0,0,0,0,0,0,0,0,0,0,0,0,0,0,0,0,1,0,0,0,0,0,0,0,0,0,0,0,0,0,0,0,0,0,0,0,1,0,0,0,0,0,0,0,0
93,Low Intensity Developed to Estuarine Scrub/Shrub Wetland,0,0,0,0,0,0,0,0,0,0,0,0,0,0,0,0,3,1,0,0,0,0,0,0,0,0,0,0,0,0,0,0,0,0,0,0,0,0,0,0,0,0,0,0,0,0
94,Low Intensity Developed to Estuarine Emergent Wetland,0,0,0,1,0,0,0,0,0,1,0,0,0,0,0,0,0,16,0,0,0,0,0,0,0,0,0,0,0,2,0,0,0,5,0,0,0,1,0,0,0,4,0,14,0,0
95,Low Intensity Developed to Unconsolidated Shore,0,0,0,0,0,0,0,0,0,0,0,0,0,0,0,0,0,0,0,0,0,0,0,0,0,0,0,0,0,0,0,0,0,0,0,0,0,0,0,0,0,0,0,0,0,0
96,Low Intensity Developed to Bare Land,275,10,25,8,144,0,72,0,0,45,38,33,86,0,0,48,328,7,89,180,242,67,0,0,0,0,0,125,141,17,35,77,12,71,59,64,99,0,3,17,15,130,13,281,43,361
97,Low Intensity Developed to Water,8,0,417,324,2,1,7,0,0,248,2,21,81,0,12,39,430,279,189,129,110,54,0,0,0,0,0,79,382,52,28,251,182,683,1,82,46,10,4,22,154,148,9,165,313,762
98,Low Intensity Developed to Palustrine Aquatic Bed,0,0,0,0,0,0,0,0,0,0,0,0,0,0,0,0,0,0,0,0,0,0,0,0,0,0,0,0,0,0,0,0,0,0,0,0,0,0,0,0,0,0,0,0,0,0
99,Low Intensity Developed to Estuarine Aquatic Bed,0,0,0,0,0,0,0,0,0,0,0,0,0,0,0,0,0,0,0,0,0,0,0,0,0,0,0,0,0,0,0,0,0,0,1,0,0,0,0,0,0,0,0,0,0,0
100,Low Intensity Developed to Tundra,0,0,0,0,0,0,0,0,0,0,0,0,0,0,0,0,0,0,0,0,0,0,0,0,0,0,0,0,0,0,0,0,0,0,0,0,0,0,0,0,0,0,0,0,0,0
101,Low Intensity Developed to Snow/Ice,0,0,0,0,0,0,0,0,0,0,0,0,0,0,0,0,0,0,0,0,0,0,0,0,0,0,0,0,0,0,0,0,0,0,0,0,0,0,0,0,0,0,0,0,0,0
102,Developed Open Space to Unclassified,0,0,0,0,0,0,0,0,0,0,0,0,0,0,0,0,0,0,0,0,0,0,0,0,0,0,0,0,0,0,0,0,0,0,0,0,0,0,0,0,0,0,0,0,0,0
103,Developed Open Space to High Intensity Developed,148,0,213,162,95,0,107,0,0,169,44,104,128,0,0,46,115,163,217,166,37,103,0,0,0,0,1,0,136,41,128,227,53,199,1,29,8,0,0,157,115,172,309,3,14,82
104,Developed Open Space to Medium Intensity Developed,484,1,1088,731,320,3,176,0,0,314,425,168,333,0,0,220,803,657,498,404,234,486,0,0,0,0,4,32,497,188,268,446,405,563,8,147,78,5,0,297,470,671,589,44,171,1270
105,Developed Open Space to Low Intensity Developed,300,5,325,280,101,0,50,0,0,123,45,148,48,0,0,168,162,123,154,130,77,122,0,0,0,0,1,52,121,52,56,94,532,153,1,126,96,0,2,59,321,225,54,16,99,1293
106,Developed Open Space to Developed Open Space,55584,2877,36468,41395,40944,260,32787,332,581,28726,35259,36980,21826,0,349,39939,56657,48563,40815,25050,30898,53618,1430,4801,2988,2044,4408,5820,43342,34622,27290,41351,40667,49033,5088,19561,22033,3805,2263,27729,39665,57739,56824,6915,23174,72990
107,Developed Open Space to Cultivated,0,0,0,0,0,0,0,0,0,0,0,0,0,0,0,0,0,0,2,0,1,0,0,0,0,0,0,0,0,0,0,0,1,2,0,0,2,0,0,0,0,0,0,0,0,39
108,Developed Open Space to Pasture/Hay,1,0,0,0,6,0,10,0,0,0,0,1,0,0,0,0,0,0,1,0,0,0,0,0,0,0,1,0,0,0,0,0,2,3,2,0,0,0,0,0,0,0,0,0,0,8
109,Developed Open Space to Grassland,313,2,146,48,69,0,39,0,0,72,77,165,14,0,0,109,111,106,149,72,78,30,0,22,28,0,1,6,96,44,37,60,94,248,15,83,72,15,1,3,256,126,175,30,139,192
110,Developed Open Space to Deciduous Forest,0,0,0,0,0,0,0,0,0,0,0,0,0,0,0,0,0,0,0,0,0,0,0,0,0,0,0,0,0,0,0,0,0,0,0,0,0,0,0,0,0,0,0,0,0,0
111,Developed Open Space to Evergreen Forest,1,0,1,0,2,0,4,0,0,0,1,1,0,0,0,2,0,2,4,0,3,0,0,0,0,0,1,0,0,0,2,10,0,8,4,5,0,0,5,0,0,0,0,0,0,0
112,Developed Open Space to Mixed Forest,0,0,0,0,0,0,0,0,0,0,0,0,0,0,0,0,0,0,0,0,0,0,0,0,0,0,0,0,0,0,0,0,0,0,0,0,0,0,0,0,0,0,0,0,0,0
113,Developed Open Space to Scrub/Shrub,12369,7,443,90,298,1,220,3,14,26,5111,407,72,0,1,195,520,583,1400,459,484,136,1,16,16,0,1,107,825,497,1978,112,808,232,16,353,923,26,29,108,199,1208,810,95,78,696
114,Developed Open Space to Palustrine Forested Wetland,0,0,0,0,0,0,0,2,0,4,0,0,6,0,0,3,2,1,8,1,1,0,0,0,0,0,0,0,0,0,3,9,2,14,0,4,2,0,0,0,1,9,3,1,0,0
115,Developed Open Space to Palustrine Scrub/Shrub Wetland,5,0,1,2,0,0,1,0,0,1,0,0,0,0,0,3,4,8,1,0,1,0,0,0,0,0,0,1,7,2,1,11,0,430,3,0,0,2,0,0,0,2,0,2,0,0
116,Developed Open Space to Palustrine Emergent Wetland,7,0,5,5,6,0,1,3,0,20,1,24,2,0,0,17,6,21,31,11,2,1,0,0,0,0,1,1,65,0,3,1,8,42,5,17,0,1,0,1,8,23,3,6,1,61
117,Developed Open Space to Estuarine Forested Wetland,0,0,0,0,0,0,0,0,0,0,0,0,0,0,0,0,0,1,0,0,0,0,0,0,0,0,0,0,0,0,0,0,0,0,0,0,0,0,0,0,0,0,0,0,0,0
118,Developed Open Space to Estuarine Scrub/Shrub Wetland,0,0,0,0,1,0,0,0,0,0,0,0,0,0,0,0,0,0,0,0,0,0,0,0,0,0,0,0,0,0,0,0,0,0,0,0,0,2,0,0,0,0,0,0,0,0
119,Developed Open Space to Estuarine Emergent Wetland,0,0,0,0,0,0,0,2,0,1,0,0,0,0,0,0,0,10,0,0,0,1,0,0,0,0,2,0,1,0,0,0,0,2,0,0,0,3,0,0,0,0,0,14,0,0
120,Developed Open Space to Unconsolidated Shore,0,0,0,0,0,0,0,0,0,0,0,0,0,0,0,0,0,0,0,0,0,0,0,0,0,0,0,0,0,0,0,0,0,0,2,0,0,0,0,0,0,0,0,0,0,0
121,Developed Open Space to Bare Land,102,6,13,18,53,0,56,0,0,24,17,43,34,0,0,35,158,18,255,53,272,246,0,0,0,0,0,107,83,8,14,23,42,78,37,44,51,0,0,4,2,67,19,78,19,453
122,Developed Open Space to Water,17,0,671,569,9,0,27,0,0,613,0,51,63,0,9,86,578,847,461,122,208,93,0,0,0,0,2,73,626,77,102,23,665,550,0,187,132,13,0,42,313,270,31,301,468,2907
123,Developed Open Space to Palustrine Aquatic Bed,0,0,0,0,0,0,0,0,0,0,0,0,0,0,0,0,0,0,0,0,0,0,0,0,0,0,0,0,0,0,0,0,0,0,0,0,0,0,0,0,0,0,0,0,0,0
124,Developed Open Space to Estuarine Aquatic Bed,0,0,0,0,0,0,0,0,0,0,0,0,0,0,0,0,0,0,0,0,0,0,0,0,0,0,0,0,0,0,0,0,0,0,1,0,0,0,0,0,0,0,0,0,0,0
125,Developed Open Space to Tundra,0,0,0,0,0,0,0,0,0,0,0,0,0,0,0,0,0,0,0,0,0,0,0,0,0,0,0,0,0,0,0,0,0,0,0,0,0,0,0,0,0,0,0,0,0,0
126,Developed Open Space to Snow/Ice,0,0,0,0,0,0,0,0,0,0,0,0,0,0,0,0,0,0,0,0,0,0,0,0,0,0,0,0,0,0,0,0,0,0,0,0,0,0,0,0,0,0,0,0,0,0
127,Cultivated to Unclassified,0,0,0,0,0,0,0,0,0,0,0,0,0,0,0,0,0,0,0,0,0,0,0,0,0,0,0,0,0,0,0,0,0,0,0,0,0,0,0,0,0,0,0,0,0,0
128,Cultivated to High Intensity Developed,0,0,218,31,0,0,4,0,0,0,0,6,0,0,0,0,0,1,93,0,0,0,0,0,0,0,0,0,9,0,0,0,0,2,0,0,0,0,0,0,0,4,0,2,15,100
129,Cultivated to Medium Intensity Developed,0,0,1152,461,0,0,31,0,0,4,0,15,0,0,0,12,1,40,116,0,69,1,0,0,0,0,0,0,41,0,0,0,3,24,0,0,34,0,0,0,0,12,0,44,240,321
130,Cultivated to Low Intensity Developed,0,0,1602,784,0,0,39,0,0,6,0,19,0,0,0,39,0,22,261,0,112,19,0,0,0,0,0,0,20,0,0,0,13,29,0,0,203,0,0,0,0,126,0,154,232,501
131,Cultivated to Developed Open Space,0,0,1740,2108,11,0,34,0,0,27,0,3,0,0,0,59,9,9,371,0,145,7,0,0,0,0,0,0,9,0,0,0,7,0,0,0,113,0,0,0,0,31,0,103,434,733
132,Cultivated to Cultivated,3,107,74515,13445,96,0,5172,0,148,1299,0,85,0,110,0,12197,1329,438,111268,6,39053,184,0,0,0,89,244,124,806,0,0,31,2816,4725,92,198,44441,0,6009,0,5590,11240,0,25305,1588,24120
133,Cultivated to Pasture/Hay,0,0,1,1,0,0,0,0,0,29,0,0,0,0,0,0,0,0,66,0,2,0,0,0,0,0,0,0,0,0,0,0,0,0,0,0,0,0,0,0,0,0,0,0,1,0
134,Cultivated to Grassland,0,0,909,17,56,0,0,0,0,19,0,0,0,0,0,0,0,0,95,0,432,10,0,0,0,0,0,0,0,0,0,0,0,0,0,2,129,0,0,0,0,0,0,374,0,5
135,Cultivated to Deciduous Forest,0,0,0,0,0,0,0,0,0,0,0,0,0,0,0,0,0,0,0,0,0,0,0,0,0,0,0,0,0,0,0,0,0,0,0,0,0,0,0,0,0,0,0,0,0,0
136,Cultivated to Evergreen Forest,0,0,0,0,0,0,4,0,0,0,0,0,0,0,0,0,0,0,0,0,0,0,0,0,0,0,0,0,0,0,0,0,0,0,0,0,0,0,0,0,0,0,0,0,0,0
137,Cultivated to Mixed Forest,0,0,0,0,0,0,0,0,0,0,0,0,0,0,0,0,0,0,0,0,0,0,0,0,0,0,0,0,0,0,0,0,0,0,0,0,0,0,0,0,0,0,0,0,0,0
138,Cultivated to Scrub/Shrub,0,0,109,0,2,0,213,0,0,0,0,0,0,0,0,14,0,0,132,0,0,41,0,0,0,0,0,0,0,0,0,0,73,0,0,0,0,0,0,0,0,0,0,304,0,0
139,Cultivated to Palustrine Forested Wetland,0,0,0,0,0,0,0,0,0,0,0,0,0,0,0,0,0,0,4,0,0,0,0,0,0,0,0,0,0,0,0,0,0,0,0,0,0,0,0,0,0,0,0,0,0,0
140,Cultivated to Palustrine Scrub/Shrub Wetland,0,0,0,0,0,0,0,0,0,0,0,0,0,0,0,0,0,0,0,0,0,0,0,0,0,0,0,0,0,0,0,0,0,0,0,0,0,0,0,0,0,0,0,2,0,0
141,Cultivated to Palustrine Emergent Wetland,0,0,0,5,0,0,0,0,0,0,0,0,0,0,0,0,0,0,0,0,0,0,0,0,0,0,0,0,0,0,0,0,0,0,0,0,0,0,0,0,0,0,0,2,0,0
142,Cultivated to Estuarine Forested Wetland,0,0,0,0,0,0,0,0,0,0,0,0,0,0,0,0,0,0,0,0,0,0,0,0,0,0,0,0,0,0,0,0,0,0,0,0,0,0,0,0,0,0,0,0,0,0
143,Cultivated to Estuarine Scrub/Shrub Wetland,0,0,0,0,0,0,0,0,0,0,0,0,0,0,0,0,0,0,0,0,0,0,0,0,0,0,0,0,0,0,0,0,0,0,0,0,0,0,0,0,0,0,0,0,0,0
144,Cultivated to Estuarine Emergent Wetland,0,0,0,0,0,0,0,0,0,0,0,0,0,0,0,0,0,0,0,0,0,0,0,0,0,0,0,0,0,0,0,0,0,0,0,0,0,0,0,0,0,0,0,0,0,0
145,Cultivated to Unconsolidated Shore,0,0,0,0,0,0,0,0,0,0,0,0,0,0,0,0,0,0,0,0,0,0,0,0,0,0,0,0,0,0,0,0,0,0,0,0,0,0,0,0,0,0,0,0,0,0
146,Cultivated to Bare Land,0,0,285,46,15,0,122,0,0,0,0,0,0,0,0,0,0,0,514,0,138,27,0,0,0,0,0,0,0,0,0,0,0,53,0,0,494,0,0,0,0,0,0,167,125,105
147,Cultivated to Water,0,13,1313,430,9,0,0,0,0,7,0,0,0,0,0,1,0,0,228,6,114,0,0,0,0,0,0,0,5,0,0,0,0,171,0,1,134,0,0,0,0,0,0,194,272,127
148,Cultivated to Palustrine Aquatic Bed,0,0,0,0,0,0,0,0,0,0,0,0,0,0,0,0,0,0,0,0,0,0,0,0,0,0,0,0,0,0,0,0,0,0,0,0,0,0,0,0,0,0,0,0,0,0
149,Cultivated to Estuarine Aquatic Bed,0,0,0,0,0,0,0,0,0,0,0,0,0,0,0,0,0,0,0,0,0,0,0,0,0,0,0,0,0,0,0,0,0,0,0,0,0,0,0,0,0,0,0,0,0,0
150,Cultivated to Tundra,0,0,0,0,0,0,0,0,0,0,0,0,0,0,0,0,0,0,0,0,0,0,0,0,0,0,0,0,0,0,0,0,0,0,0,0,0,0,0,0,0,0,0,0,0,0
151,Cultivated to Snow/Ice,0,0,0,0,0,0,0,0,0,0,0,0,0,0,0,0,0,0,0,0,0,0,0,0,0,0,0,0,0,0,0,0,0,0,0,0,0,0,0,0,0,0,0,0,0,0
152,Pasture/Hay to Unclassified,0,0,0,0,0,0,0,0,0,0,0,0,0,0,0,0,0,0,0,0,0,0,0,0,0,0,0,0,0,0,0,0,0,0,0,0,0,0,0,0,0,0,0,0,0,0
153,Pasture/Hay to High Intensity Developed,2,0,211,138,0,0,7,0,0,4,1,22,0,0,0,3,0,0,0,28,0,0,0,0,0,0,0,0,2,2,51,6,80,47,0,45,4,0,0,0,53,13,16,0,42,0
154,Pasture/Hay to Medium Intensity Developed,30,0,1131,331,48,0,21,0,0,62,1,23,0,0,0,6,30,5,13,72,0,0,0,0,0,0,0,2,39,6,53,42,151,70,0,54,20,0,0,0,176,21,102,1,359,0
155,Pasture/Hay to Low Intensity Developed,43,0,1190,738,82,0,45,0,0,148,0,47,0,0,0,14,69,8,117,54,2,0,0,0,0,0,0,14,278,8,70,82,503,310,2,65,54,0,0,0,201,264,50,1,618,16
156,Pasture/Hay to Developed Open Space,92,0,1715,1092,132,0,39,0,0,168,13,73,0,0,0,26,15,2,222,91,33,0,0,0,0,0,0,31,305,139,18,60,468,429,1,198,143,0,17,0,330,373,100,20,1029,16
157,Pasture/Hay to Cultivated,0,0,0,0,0,0,0,0,0,0,0,0,0,0,0,0,0,0,0,0,0,0,0,0,0,0,0,0,0,0,0,0,0,0,0,0,0,0,0,0,0,0,0,0,0,0
158,Pasture/Hay to Pasture/Hay,15062,75,39823,15116,1709,0,981,0,3552,9407,18922,4734,0,36,0,11826,193,1199,19842,2271,15478,0,0,0,0,0,981,1175,523,3729,12794,1162,16084,15744,183,2761,26953,0,1366,4,25763,4394,1440,151,11161,559
159,Pasture/Hay to Grassland,97,0,190,0,22,0,0,0,0,2,0,1,0,0,0,6,293,0,1,0,0,0,0,0,0,0,0,0,25,0,0,0,202,8,5,4,10,0,0,0,0,20,0,0,0,0
160,Pasture/Hay to Deciduous Forest,0,0,0,0,0,0,0,0,0,0,0,0,0,0,0,0,0,0,0,0,0,0,0,0,0,0,0,0,0,0,0,0,0,0,0,0,0,0,0,0,0,0,0,0,0,0
161,Pasture/Hay to Evergreen Forest,0,0,0,0,0,0,0,0,5,0,0,7,0,0,0,0,0,0,1,0,0,0,0,0,0,0,0,0,0,0,0,0,0,0,1,0,0,0,0,0,0,0,0,0,0,0
162,Pasture/Hay to Mixed Forest,0,0,0,0,0,0,0,0,0,0,0,0,0,0,0,0,0,0,0,0,0,0,0,0,0,0,0,0,0,0,0,0,0,0,0,0,0,0,0,0,0,0,0,0,0,0
163,Pasture/Hay to Scrub/Shrub,29,0,39,5,21,0,0,0,54,31,827,13,0,0,0,162,16,0,4,250,0,0,0,0,0,0,0,4,5,0,9,0,80,0,5,49,5,0,0,0,15,0,0,0,3,49
164,Pasture/Hay to Palustrine Forested Wetland,0,0,0,0,1,0,0,0,0,0,0,10,0,0,0,0,0,0,6,0,0,0,0,0,0,0,0,0,0,0,0,0,0,0,0,0,0,0,0,0,1,0,0,0,0,0
165,Pasture/Hay to Palustrine Scrub/Shrub Wetland,0,0,0,0,1,0,0,0,2,0,0,0,0,0,0,0,0,0,0,0,0,0,0,0,0,0,0,0,0,0,0,0,0,0,0,0,0,0,0,0,0,0,0,0,0,0
166,Pasture/Hay to Palustrine Emergent Wetland,0,0,0,2,0,0,0,0,0,0,0,0,0,0,0,2,0,0,0,0,0,0,0,0,0,0,0,0,0,0,0,0,0,0,0,0,0,0,0,0,170,0,0,0,0,0
167,Pasture/Hay to Estuarine Forested Wetland,0,0,0,0,0,0,0,0,0,0,0,0,0,0,0,0,0,0,0,0,0,0,0,0,0,0,0,0,0,0,0,0,0,0,0,0,0,0,0,0,0,0,0,0,0,0
168,Pasture/Hay to Estuarine Scrub/Shrub Wetland,0,0,0,0,0,0,0,0,0,0,0,0,0,0,0,0,0,0,0,0,0,0,0,0,0,0,0,0,0,0,0,0,0,0,0,0,0,0,0,0,0,0,0,0,0,0
169,Pasture/Hay to Estuarine Emergent Wetland,0,0,0,0,0,0,0,0,0,0,0,0,0,0,0,0,0,0,0,0,0,0,0,0,0,0,0,0,0,0,0,0,0,0,0,0,0,0,0,0,0,0,0,0,0,0
170,Pasture/Hay to Unconsolidated Shore,0,0,0,0,0,0,0,0,0,0,0,0,0,0,0,0,0,0,0,0,0,0,0,0,0,0,0,0,0,0,0,0,0,0,0,0,0,0,0,0,0,0,0,0,0,0
171,Pasture/Hay to Bare Land,44,0,274,90,16,0,1,0,0,0,37,4,0,0,0,14,348,7,167,0,0,0,0,0,0,0,0,1,105,0,13,1,68,80,3,0,12,0,0,0,146,33,0,0,96,0
172,Pasture/Hay to Water,0,0,430,360,0,0,0,0,0,5,1,11,0,0,0,0,127,0,26,4,0,0,0,0,0,0,0,0,161,0,0,0,203,149,0,5,197,0,0,0,170,15,0,0,430,0
173,Pasture/Hay to Palustrine Aquatic Bed,0,0,0,0,0,0,0,0,0,0,0,0,0,0,0,0,0,0,0,0,0,0,0,0,0,0,0,0,0,0,0,0,0,0,0,0,0,0,0,0,0,0,0,0,0,0
174,Pasture/Hay to Estuarine Aquatic Bed,0,0,0,0,0,0,0,0,0,0,0,0,0,0,0,0,0,0,0,0,0,0,0,0,0,0,0,0,0,0,0,0,0,0,0,0,0,0,0,0,0,0,0,0,0,0
175,Pasture/Hay to Tundra,0,0,0,0,0,0,0,0,0,0,0,0,0,0,0,0,0,0,0,0,0,0,0,0,0,0,0,0,0,0,0,0,0,0,0,0,0,0,0,0,0,0,0,0,0,0
176,Pasture/Hay to Snow/Ice,0,0,0,0,0,0,0,0,0,0,0,0,0,0,0,0,0,0,0,0,0,0,0,0,0,0,0,0,0,0,0,0,0,0,0,0,0,0,0,0,0,0,0,0,0,0
177,Grassland to Unclassified,0,0,0,0,0,0,0,0,0,0,0,0,0,0,0,0,0,0,0,0,0,0,0,0,0,0,0,0,0,0,0,0,0,0,0,0,0,0,0,0,0,0,0,0,0,0
178,Grassland to High Intensity Developed,9,0,77,16,1,0,14,0,0,18,0,63,18,0,0,19,32,2,33,93,1,0,0,0,0,0,3,0,12,3,18,16,25,35,0,30,12,0,0,0,5,11,115,9,7,2
179,Grassland to Medium Intensity Developed,11,0,339,121,26,0,47,0,0,176,0,137,28,0,0,94,126,18,64,246,27,2,0,0,0,0,5,33,65,21,38,22,81,79,5,110,33,0,1,0,53,56,173,2,85,56
180,Grassland to Low Intensity Developed,45,3,352,148,56,0,144,0,0,187,1,295,14,0,1,175,82,27,90,268,36,3,0,0,0,0,1,87,84,31,26,58,132,92,5,155,78,0,22,0,110,121,196,2,111,75
181,Grassland to Developed Open Space,14,1,289,124,23,0,126,0,0,167,4,166,3,0,0,77,19,16,49,158,21,5,0,0,0,0,1,49,52,17,24,40,135,115,6,114,83,4,3,0,62,108,108,1,76,37
182,Grassland to Cultivated,0,0,0,0,0,0,0,0,0,0,0,0,0,0,0,0,0,0,2,0,0,0,0,0,0,0,0,0,0,0,0,0,25,1,0,0,3,0,0,0,0,0,0,0,0,48
183,Grassland to Pasture/Hay,0,0,0,0,0,0,0,0,0,16,0,0,0,0,0,0,0,0,1,0,10,0,0,0,0,0,0,0,0,0,0,0,0,5,0,0,2,0,0,0,0,0,0,0,0,0
184,Grassland to Grassland,7515,1477,13609,5916,2746,209,5269,34,7562,4344,9645,10603,754,35,1286,17220,1351,1740,7036,7457,4152,1166,147,443,561,11458,3622,10499,1868,2156,4115,9667,8464,5658,3236,6916,8876,728,8087,819,6078,3073,3407,2135,6795,2665
185,Grassland to Deciduous Forest,0,0,0,0,0,0,0,0,0,0,0,0,0,0,0,0,0,0,0,0,0,0,0,0,0,0,0,0,0,0,0,0,0,0,0,0,0,0,1,0,0,0,0,0,0,0
186,Grassland to Evergreen Forest,0,5,0,0,61,0,796,0,209,0,19,398,0,0,0,406,0,0,0,8,0,0,0,0,0,0,0,157,0,3,0,159,47,0,38,126,0,0,977,0,0,0,0,0,0,0
187,Grassland to Mixed Forest,0,0,0,0,0,0,0,0,0,0,0,0,0,0,0,0,0,0,0,0,0,0,0,0,0,0,0,0,0,0,0,0,0,0,0,0,0,0,54,0,0,0,0,0,0,0
188,Grassland to Scrub/Shrub,14,106,58,47,185,0,5633,0,1291,5,36,1935,1,0,0,6125,4,208,226,152,100,0,0,0,0,0,1,2744,13,5,19,264,1310,73,396,1061,91,22,3440,0,1,52,18,12,212,22
189,Grassland to Palustrine Forested Wetland,0,0,0,0,0,0,0,0,0,0,0,2,0,0,0,0,0,0,0,0,0,0,0,0,0,0,0,0,0,0,0,6,0,0,0,0,0,0,0,0,0,0,0,0,0,0
190,Grassland to Palustrine Scrub/Shrub Wetland,0,0,0,0,0,0,0,0,0,0,0,0,0,0,0,0,0,0,0,0,0,0,0,0,0,0,0,0,0,0,0,23,0,0,0,0,0,0,0,0,0,0,0,0,0,0
191,Grassland to Palustrine Emergent Wetland,0,0,0,0,0,0,0,0,0,0,0,0,0,0,0,0,0,0,0,0,0,0,0,0,0,0,1,0,0,0,0,0,0,0,0,0,0,0,0,0,0,0,0,0,0,0
192,Grassland to Estuarine Forested Wetland,0,0,0,0,0,0,0,0,0,0,0,0,0,0,0,0,0,0,0,0,0,0,0,0,0,0,0,0,0,0,0,0,0,0,0,0,0,0,0,0,0,0,0,0,0,0
193,Grassland to Estuarine Scrub/Shrub Wetland,0,0,0,0,0,0,0,0,0,0,0,0,0,0,0,0,0,0,0,0,0,0,0,0,0,0,0,0,0,0,0,0,0,0,0,0,0,0,0,0,0,0,0,0,0,0
194,Grassland to Estuarine Emergent Wetland,0,0,0,0,0,0,0,0,0,0,0,0,0,0,0,0,0,0,0,0,0,0,0,0,0,0,0,0,0,0,0,0,0,0,0,0,0,0,0,0,0,0,0,0,0,0
195,Grassland to Unconsolidated Shore,0,0,0,0,0,0,0,0,0,0,0,0,0,0,0,0,0,0,0,1,0,0,0,0,0,0,0,0,0,0,0,0,0,0,0,0,0,0,0,0,0,0,0,0,0,0
196,Grassland to Bare Land,32,45,79,37,109,0,16,0,2,8,10,12,13,0,7,221,11,8,67,154,15,4,0,0,0,0,0,166,28,2,16,3,75,18,30,33,33,5,51,0,3,39,4,81,13,3
197,Grassland to Water,0,4,110,14,3,0,6,0,0,151,1,17,0,0,21,81,2,6,8,131,8,1,0,0,0,0,2,38,19,2,2,0,73,30,0,136,152,2,10,0,24,26,2,6,15,0
198,Grassland to Palustrine Aquatic Bed,0,0,0,0,0,0,0,0,0,0,0,0,0,0,0,0,0,0,0,0,0,0,0,0,0,0,0,0,0,0,0,0,0,0,0,0,0,0,0,0,0,0,0,0,0,0
199,Grassland to Estuarine Aquatic Bed,0,0,0,0,0,0,0,0,0,0,0,0,0,0,0,0,0,0,0,0,0,0,0,0,0,0,0,0,0,0,0,0,0,0,0,0,0,0,0,0,0,0,0,0,0,0
200,Grassland to Tundra,0,0,0,0,0,0,0,0,0,0,0,0,0,0,0,0,0,0,0,0,0,0,0,0,0,0,0,0,0,0,0,0,0,0,0,0,0,0,0,0,0,0,0,0,0,0
201,Grassland to Snow/Ice,0,0,0,0,0,0,0,0,0,0,0,0,0,0,0,0,0,0,0,0,0,0,0,0,0,0,0,0,0,0,0,0,0,0,0,0,0,0,0,0,0,0,0,0,0,0
202,Deciduous Forest to Unclassified,0,0,0,0,0,0,0,0,0,0,0,0,0,0,0,0,0,0,0,0,0,0,0,0,0,0,0,0,0,0,0,0,0,0,0,0,0,0,0,0,0,0,0,0,0,0
203,Deciduous Forest to High Intensity Developed,0,0,0,0,0,0,0,0,0,0,0,1,0,0,0,0,0,0,0,1,0,0,0,0,0,0,0,0,0,0,0,0,0,0,0,4,0,0,0,0,0,0,0,0,0,0
204,Deciduous Forest to Medium Intensity Developed,0,0,0,0,0,0,0,0,0,0,0,4,0,0,0,1,0,0,0,5,0,0,0,0,0,0,0,1,0,0,0,7,0,0,0,1,0,0,0,0,0,0,0,0,0,0
205,Deciduous Forest to Low Intensity Developed,0,0,0,0,0,0,1,0,0,0,0,2,0,0,0,2,0,0,0,0,0,0,0,0,0,0,0,11,0,0,0,8,0,0,0,7,0,0,0,0,0,0,0,0,0,0
206,Deciduous Forest to Developed Open Space,0,0,0,0,0,0,0,0,0,0,0,0,0,0,0,0,0,0,0,0,0,0,0,0,0,0,0,0,0,0,0,0,0,0,0,3,0,0,0,0,0,0,0,0,0,0
207,Deciduous Forest to Cultivated,0,0,0,0,0,0,0,0,0,0,0,0,0,0,0,0,0,0,0,0,0,0,0,0,0,0,0,0,0,0,0,0,0,0,0,0,0,0,0,0,0,0,0,0,0,0
208,Deciduous Forest to Pasture/Hay,0,0,0,0,0,0,0,0,0,0,0,0,0,0,0,0,0,0,0,0,0,0,0,0,0,0,0,0,0,0,0,0,0,0,0,0,0,0,0,0,0,0,0,0,0,0
209,Deciduous Forest to Grassland,0,2,0,0,0,0,0,0,0,0,0,3,0,0,0,1,0,0,0,5,0,0,0,0,0,0,0,8,0,0,0,1,0,0,0,16,0,0,17,0,0,0,0,0,0,0
210,Deciduous Forest to Deciduous Forest,4547,84,2191,49,40,477,188,0,10,62,3420,130,25,0,3,137,12,76,370,326,117,144,2,0,0,2919,341,761,40,371,1715,370,97,64,50,885,93,3,15328,26,280,158,815,10,1636,19
211,Deciduous Forest to Evergreen Forest,0,0,0,0,0,0,0,0,0,0,0,0,0,0,0,0,0,0,0,0,0,0,0,0,0,0,0,0,0,0,0,0,0,0,0,0,0,0,0,0,0,0,0,0,0,0
212,Deciduous Forest to Mixed Forest,0,0,0,0,0,0,0,0,0,0,0,0,0,0,0,0,0,0,0,0,0,0,0,0,0,0,0,0,0,0,0,0,0,0,0,0,0,0,0,0,0,0,0,0,0,0
213,Deciduous Forest to Scrub/Shrub,0,0,0,0,0,0,0,0,0,0,0,0,0,0,0,3,0,0,0,4,0,0,0,0,0,0,0,24,0,0,0,0,0,0,0,29,0,0,48,0,0,0,0,0,0,0
214,Deciduous Forest to Palustrine Forested Wetland,0,0,0,0,0,0,0,0,0,0,0,0,0,0,0,0,0,0,0,0,0,0,0,0,0,0,0,0,0,0,0,0,0,0,0,0,0,0,0,0,0,0,0,0,0,0
215,Deciduous Forest to Palustrine Scrub/Shrub Wetland,0,0,0,0,0,0,0,0,0,0,0,0,0,0,0,0,0,0,0,0,0,0,0,0,0,0,0,0,0,0,0,0,0,0,0,0,0,0,0,0,0,0,0,0,0,0
216,Deciduous Forest to Palustrine Emergent Wetland,0,0,0,0,0,0,0,0,0,0,0,0,0,0,0,0,0,0,0,0,0,0,0,0,0,0,0,0,0,0,0,0,0,0,0,0,0,0,0,0,0,0,0,0,0,0
217,Deciduous Forest to Estuarine Forested Wetland,0,0,0,0,0,0,0,0,0,0,0,0,0,0,0,0,0,0,0,0,0,0,0,0,0,0,0,0,0,0,0,0,0,0,0,0,0,0,0,0,0,0,0,0,0,0
218,Deciduous Forest to Estuarine Scrub/Shrub Wetland,0,0,0,0,0,0,0,0,0,0,0,0,0,0,0,0,0,0,0,0,0,0,0,0,0,0,0,0,0,0,0,0,0,0,0,0,0,0,0,0,0,0,0,0,0,0
219,Deciduous Forest to Estuarine Emergent Wetland,0,0,0,0,0,0,0,0,0,0,0,0,0,0,0,0,0,0,0,0,0,0,0,0,0,0,0,0,0,0,0,0,0,0,0,0,0,0,0,0,0,0,0,0,0,0
220,Deciduous Forest to Unconsolidated Shore,0,0,0,0,0,0,0,0,0,0,0,0,0,0,0,0,0,0,0,0,0,0,0,0,0,0,0,0,0,0,0,0,0,0,0,0,0,0,0,0,0,0,0,0,0,0
221,Deciduous Forest to Bare Land,0,1,0,0,1,0,0,0,0,0,0,0,0,0,0,0,0,0,0,2,0,0,0,0,0,0,0,0,0,0,0,1,0,0,0,1,0,0,26,0,0,0,0,0,0,0
222,Deciduous Forest to Water,0,0,0,0,0,0,0,0,0,0,0,0,0,0,0,0,0,0,0,1,0,0,0,0,0,0,0,0,0,0,0,0,0,0,0,0,0,0,0,0,0,0,0,0,0,0
223,Deciduous Forest to Palustrine Aquatic Bed,0,0,0,0,0,0,0,0,0,0,0,0,0,0,0,0,0,0,0,0,0,0,0,0,0,0,0,0,0,0,0,0,0,0,0,0,0,0,0,0,0,0,0,0,0,0
224,Deciduous Forest to Estuarine Aquatic Bed,0,0,0,0,0,0,0,0,0,0,0,0,0,0,0,0,0,0,0,0,0,0,0,0,0,0,0,0,0,0,0,0,0,0,0,0,0,0,0,0,0,0,0,0,0,0
225,Deciduous Forest to Tundra,0,0,0,0,0,0,0,0,0,0,0,0,0,0,0,0,0,0,0,0,0,0,0,0,0,0,0,0,0,0,0,0,0,0,0,0,0,0,0,0,0,0,0,0,0,0
226,Deciduous Forest to Snow/Ice,0,0,0,0,0,0,0,0,0,0,0,0,0,0,0,0,0,0,0,0,0,0,0,0,0,0,0,0,0,0,0,0,0,0,0,0,0,0,0,0,0,0,0,0,0,0
227,Evergreen Forest to Unclassified,0,0,0,0,0,0,0,0,0,0,0,0,0,0,0,0,0,0,0,0,0,0,0,0,0,0,0,0,0,0,0,0,0,0,0,0,0,0,0,0,0,0,0,0,0,0
228,Evergreen Forest to High Intensity Developed,103,0,1,0,50,0,63,0,0,3,4,198,0,0,0,278,1,0,8,357,1,0,0,0,0,0,0,17,7,2,1,178,99,0,0,66,0,0,0,0,0,0,0,0,0,0
229,Evergreen Forest to Medium Intensity Developed,53,0,2,0,277,0,270,0,0,26,13,439,4,0,0,499,8,1,16,449,8,0,0,0,0,0,0,165,54,21,0,136,302,0,1,376,1,0,0,0,0,4,0,0,0,0
230,Evergreen Forest to Low Intensity Developed,258,8,0,0,438,0,519,0,0,20,20,703,11,0,0,767,13,0,21,424,16,0,0,0,0,0,0,210,56,35,0,187,599,0,4,569,3,0,49,0,0,7,3,0,0,5
231,Evergreen Forest to Developed Open Space,96,1,2,0,113,0,207,0,0,10,4,470,3,0,0,775,1,0,25,206,1,1,0,0,0,0,0,88,1,3,0,26,303,5,0,185,2,0,49,0,0,4,3,0,0,9
232,Evergreen Forest to Cultivated,0,0,0,0,0,0,0,0,0,0,0,0,0,0,0,0,0,0,0,0,0,0,0,0,0,0,0,0,0,0,0,0,81,0,0,0,0,0,0,0,0,0,0,0,0,0
233,Evergreen Forest to Pasture/Hay,0,0,0,0,0,0,0,0,0,0,0,0,0,0,0,0,0,0,0,0,0,0,0,0,0,0,0,0,0,0,0,0,0,0,0,0,0,0,0,0,0,0,0,0,0,0
234,Evergreen Forest to Grassland,210,879,8,0,1249,0,2320,0,1134,11,557,6128,4,0,0,12295,3,0,140,769,4,0,0,0,0,0,0,5876,63,0,2,60,3194,1,303,1246,12,0,371,0,0,7,4,0,1,4
235,Evergreen Forest to Deciduous Forest,0,0,0,0,0,0,0,0,0,0,0,0,0,0,0,0,0,0,0,0,0,0,0,0,0,0,0,0,0,0,0,0,0,0,0,0,0,0,0,0,0,0,0,0,0,0
236,Evergreen Forest to Evergreen Forest,75282,32028,19929,2922,43540,1407,88619,49,46760,11668,98045,73254,4008,1,211,113848,3058,4568,15602,66515,15827,21706,38,73,21,14371,10722,97189,4039,28139,29153,23698,120616,10264,32913,52294,19938,257,127028,4839,12241,13090,20661,454,19738,1317
237,Evergreen Forest to Mixed Forest,0,0,0,0,0,0,0,0,0,0,0,0,0,0,0,0,0,0,0,0,0,0,0,0,0,0,0,0,0,0,0,0,0,0,0,0,0,0,0,0,0,0,0,0,0,0
238,Evergreen Forest to Scrub/Shrub,296,2739,5,0,4733,0,673,0,2667,95,227,2376,4,0,0,15124,4,6,142,829,2,0,0,0,0,0,0,17667,18,509,5,238,4243,1,3633,3934,2,0,1717,0,0,6,2,0,3,0
239,Evergreen Forest to Palustrine Forested Wetland,0,0,0,0,0,0,0,0,0,0,0,0,0,0,0,0,0,0,0,0,0,0,0,0,0,0,0,0,0,0,0,0,0,0,0,0,0,0,0,0,0,0,0,0,0,0
240,Evergreen Forest to Palustrine Scrub/Shrub Wetland,0,0,0,0,0,0,0,0,0,0,0,0,0,0,0,0,0,0,0,0,0,0,0,0,0,0,0,0,0,0,0,0,0,0,0,0,0,0,0,0,0,0,0,0,0,0
241,Evergreen Forest to Palustrine Emergent Wetland,0,0,0,0,0,0,0,0,0,0,0,0,0,0,0,0,0,0,0,0,0,0,0,0,0,0,0,0,0,0,0,0,0,0,0,0,0,0,0,0,0,0,0,0,0,0
242,Evergreen Forest to Estuarine Forested Wetland,0,0,0,0,0,0,0,0,0,0,0,0,0,0,0,0,0,0,0,0,0,0,0,0,0,0,0,0,0,0,0,0,0,0,0,0,0,0,0,0,0,0,0,0,0,0
243,Evergreen Forest to Estuarine Scrub/Shrub Wetland,0,0,0,0,0,0,0,0,0,0,0,0,0,0,0,0,0,0,0,0,0,0,0,0,0,0,0,0,0,0,0,0,0,0,0,0,0,0,0,0,0,0,0,0,0,0
244,Evergreen Forest to Estuarine Emergent Wetland,0,0,0,0,0,0,0,0,0,0,0,0,0,0,0,0,0,0,0,0,0,0,0,0,0,0,0,0,0,0,0,0,0,0,0,0,0,0,0,0,0,0,0,0,0,0
245,Evergreen Forest to Unconsolidated Shore,0,0,0,0,0,0,0,0,0,0,0,0,0,0,0,0,0,0,0,0,0,0,0,0,0,0,0,0,0,0,0,0,0,0,0,0,0,0,0,0,0,0,0,0,0,0
246,Evergreen Forest to Bare Land,71,220,0,0,184,0,1037,0,14,0,477,401,4,0,0,384,2,0,113,466,7,1,0,0,0,0,0,524,4,0,2,13,348,0,91,243,0,0,191,0,0,4,0,0,0,0
247,Evergreen Forest to Water,43,0,0,0,8,0,15,0,6,2,0,104,0,0,0,356,0,0,16,211,0,0,0,0,0,0,0,87,24,9,0,4,316,0,0,244,1,0,3,0,0,0,2,0,0,1
248,Evergreen Forest to Palustrine Aquatic Bed,0,0,0,0,0,0,0,0,0,0,0,0,0,0,0,0,0,0,0,0,0,0,0,0,0,0,0,0,0,0,0,0,0,0,0,0,0,0,0,0,0,0,0,0,0,0
249,Evergreen Forest to Estuarine Aquatic Bed,0,0,0,0,0,0,0,0,0,0,0,0,0,0,0,0,0,0,0,0,0,0,0,0,0,0,0,0,0,0,0,0,0,0,0,0,0,0,0,0,0,0,0,0,0,0
250,Evergreen Forest to Tundra,0,0,0,0,0,0,0,0,0,0,0,0,0,0,0,0,0,0,0,0,0,0,0,0,0,0,0,0,0,0,0,0,0,0,0,0,0,0,0,0,0,0,0,0,0,0
251,Evergreen Forest to Snow/Ice,0,0,0,0,0,0,0,0,0,0,0,0,0,0,0,0,0,0,0,0,0,0,0,0,0,0,0,0,0,0,0,0,0,0,0,0,0,0,0,0,0,0,0,0,0,0
252,Mixed Forest to Unclassified,0,0,0,0,0,0,0,0,0,0,0,0,0,0,0,0,0,0,0,0,0,0,0,0,0,0,0,0,0,0,0,0,0,0,0,0,0,0,0,0,0,0,0,0,0,0
253,Mixed Forest to High Intensity Developed,0,0,0,0,0,0,0,0,0,0,0,2,0,0,0,0,0,0,0,11,0,0,0,0,0,0,0,1,0,0,0,2,3,0,0,3,0,0,0,0,0,0,0,0,0,0
254,Mixed Forest to Medium Intensity Developed,0,0,0,0,0,0,0,0,0,0,0,6,0,0,0,1,0,0,0,8,0,0,0,0,0,0,0,5,0,0,0,1,1,0,0,15,0,0,0,0,0,0,0,0,0,0
255,Mixed Forest to Low Intensity Developed,0,0,0,0,0,0,12,0,0,0,0,8,0,0,0,10,0,0,0,18,0,0,0,0,0,0,0,13,0,0,0,9,4,0,0,36,0,0,5,0,0,0,0,0,0,0
256,Mixed Forest to Developed Open Space,0,0,0,0,0,0,4,0,0,0,0,1,0,0,0,2,0,0,0,4,0,0,0,0,0,0,0,4,0,0,0,2,3,0,0,12,0,0,0,0,0,0,0,0,0,0
257,Mixed Forest to Cultivated,0,0,0,0,0,0,0,0,0,0,0,0,0,0,0,0,0,0,0,0,0,0,0,0,0,0,0,0,0,0,0,0,0,0,0,0,0,0,0,0,0,0,0,0,0,0
258,Mixed Forest to Pasture/Hay,0,0,0,0,0,0,0,0,0,0,0,0,0,0,0,0,0,0,0,0,0,0,0,0,0,0,0,0,0,0,0,0,0,0,0,0,0,0,0,0,0,0,0,0,0,0
259,Mixed Forest to Grassland,0,7,0,0,2,0,11,0,0,0,0,15,0,0,0,31,0,0,0,30,0,0,0,0,0,0,0,139,0,0,0,7,0,0,0,32,0,0,58,0,0,0,0,0,0,0
260,Mixed Forest to Deciduous Forest,0,0,0,0,0,0,0,0,0,0,0,0,0,0,0,0,0,0,0,0,0,0,0,0,0,0,0,0,0,0,0,0,0,0,0,0,0,0,0,0,0,0,0,0,0,0
261,Mixed Forest to Evergreen Forest,0,0,0,0,0,0,2,0,0,0,0,0,0,0,0,0,0,0,0,0,0,0,0,0,0,0,0,0,0,0,0,4,0,0,0,0,0,0,0,0,0,0,0,0,0,0
262,Mixed Forest to Mixed Forest,3359,361,644,360,463,6,477,4,61,1519,2503,572,146,0,18,1119,200,165,921,2634,486,826,0,12,13,2144,790,2630,105,1922,2252,625,891,774,196,3011,2245,0,42919,585,791,880,2153,21,557,21
263,Mixed Forest to Scrub/Shrub,0,5,0,0,2,0,6,0,0,0,0,22,0,0,0,55,0,0,0,58,0,0,0,0,0,0,0,285,0,0,0,2,8,0,0,72,0,0,213,0,0,0,0,0,0,0
264,Mixed Forest to Palustrine Forested Wetland,0,0,0,0,0,0,0,0,0,0,0,0,0,0,0,0,0,0,0,0,0,0,0,0,0,0,0,0,0,0,0,0,0,0,0,0,0,0,0,0,0,0,0,0,0,0
265,Mixed Forest to Palustrine Scrub/Shrub Wetland,0,0,0,0,0,0,0,0,0,0,0,0,0,0,0,0,0,0,0,0,0,0,0,0,0,0,0,0,0,0,0,0,0,0,0,0,0,0,4,0,0,0,0,0,0,0
266,Mixed Forest to Palustrine Emergent Wetland,0,0,0,0,0,0,0,0,0,0,0,0,0,0,0,0,0,0,0,0,0,0,0,0,0,0,0,0,0,0,0,0,0,0,0,0,0,0,0,0,0,0,0,0,0,0
267,Mixed Forest to Estuarine Forested Wetland,0,0,0,0,0,0,0,0,0,0,0,0,0,0,0,0,0,0,0,0,0,0,0,0,0,0,0,0,0,0,0,0,0,0,0,0,0,0,0,0,0,0,0,0,0,0
268,Mixed Forest to Estuarine Scrub/Shrub Wetland,0,0,0,0,0,0,0,0,0,0,0,0,0,0,0,0,0,0,0,0,0,0,0,0,0,0,0,0,0,0,0,0,0,0,0,0,0,0,0,0,0,0,0,0,0,0
269,Mixed Forest to Estuarine Emergent Wetland,0,0,0,0,0,0,0,0,0,0,0,0,0,0,0,0,0,0,0,0,0,0,0,0,0,0,0,0,0,0,0,0,0,0,0,0,0,0,0,0,0,0,0,0,0,0
270,Mixed Forest to Unconsolidated Shore,0,0,0,0,0,0,0,0,0,0,0,0,0,0,0,0,0,0,0,0,0,0,0,0,0,0,0,0,0,0,0,0,0,0,0,0,0,0,0,0,0,0,0,0,0,0
271,Mixed Forest to Bare Land,0,1,0,0,1,0,0,0,0,0,0,0,0,0,0,19,0,0,0,7,0,0,0,0,0,0,0,6,0,0,0,0,0,0,1,4,0,0,52,0,0,0,0,0,0,0
272,Mixed Forest to Water,0,1,0,0,0,0,0,0,0,0,0,0,0,0,0,2,0,0,0,6,0,0,0,0,0,0,0,3,0,0,0,0,0,0,0,14,0,0,0,0,0,0,0,0,0,0
273,Mixed Forest to Palustrine Aquatic Bed,0,0,0,0,0,0,0,0,0,0,0,0,0,0,0,0,0,0,0,0,0,0,0,0,0,0,0,0,0,0,0,0,0,0,0,0,0,0,0,0,0,0,0,0,0,0
274,Mixed Forest to Estuarine Aquatic Bed,0,0,0,0,0,0,0,0,0,0,0,0,0,0,0,0,0,0,0,0,0,0,0,0,0,0,0,0,0,0,0,0,0,0,0,0,0,0,0,0,0,0,0,0,0,0
275,Mixed Forest to Tundra,0,0,0,0,0,0,0,0,0,0,0,0,0,0,0,0,0,0,0,0,0,0,0,0,0,0,0,0,0,0,0,0,0,0,0,0,0,0,0,0,0,0,0,0,0,0
276,Mixed Forest to Snow/Ice,0,0,0,0,0,0,0,0,0,0,0,0,0,0,0,0,0,0,0,0,0,0,0,0,0,0,0,0,0,0,0,0,0,0,0,0,0,0,0,0,0,0,0,0,0,0
277,Scrub/Shrub to Unclassified,0,0,0,0,0,0,0,0,0,0,0,0,0,0,0,0,0,0,0,0,0,0,0,0,0,0,0,0,0,0,0,0,0,0,0,0,0,0,0,0,0,0,0,0,0,0
278,Scrub/Shrub to High Intensity Developed,4,0,27,3,21,0,18,0,0,3,0,111,0,0,0,51,4,1,1,77,0,0,0,0,0,0,0,5,4,4,38,18,16,3,0,16,0,0,0,0,8,0,6,3,0,2
279,Scrub/Shrub to Medium Intensity Developed,20,0,72,43,229,0,65,0,0,13,0,204,4,0,0,181,45,25,11,120,6,5,0,0,0,0,0,47,26,22,8,36,115,5,4,147,4,0,7,3,11,8,32,7,5,5
280,Scrub/Shrub to Low Intensity Developed,125,2,65,36,414,0,149,0,0,25,5,369,14,0,0,321,102,22,41,214,7,15,0,0,0,0,0,139,37,46,16,62,342,5,3,328,32,1,46,1,13,37,67,10,4,21
281,Scrub/Shrub to Developed Open Space,47,0,103,34,262,0,116,0,0,13,3,218,14,0,0,212,60,9,80,238,7,3,0,0,0,0,0,107,31,60,18,44,392,16,3,255,40,0,14,5,25,74,199,5,12,12
282,Scrub/Shrub to Cultivated,0,0,0,0,0,0,0,0,0,0,0,0,0,0,0,1,0,0,1,0,0,0,0,0,0,0,0,0,0,0,0,0,80,0,0,0,3,0,0,0,0,0,0,0,0,4
283,Scrub/Shrub to Pasture/Hay,0,0,0,0,0,0,0,0,0,0,0,0,0,0,0,3,0,0,0,0,2,0,0,0,0,0,0,0,0,0,0,0,0,1,0,0,3,0,0,0,0,0,0,0,0,0
284,Scrub/Shrub to Grassland,188,107,255,24,445,0,309,0,119,18,81,2300,3,0,0,1455,15,11,176,192,40,11,0,0,0,0,1,1261,12,51,29,8,968,18,169,375,207,6,88,33,194,44,32,13,216,339
285,Scrub/Shrub to Deciduous Forest,0,0,0,0,0,0,0,0,0,0,0,0,0,0,0,0,0,0,0,0,0,0,0,0,0,0,0,0,0,0,0,0,0,0,0,0,0,0,0,0,0,0,0,0,0,0
286,Scrub/Shrub to Evergreen Forest,0,5,0,0,2283,0,1352,0,1456,0,3,3015,0,0,0,1437,0,0,0,267,0,0,0,0,0,0,1,492,0,0,4,139,773,0,627,579,0,0,4695,0,0,0,0,0,0,0
287,Scrub/Shrub to Mixed Forest,0,0,0,0,0,0,0,0,0,0,0,0,0,0,0,0,0,0,0,0,0,0,0,0,0,0,0,0,0,0,0,0,0,0,0,0,0,0,22,0,0,0,0,0,0,0
288,Scrub/Shrub to Scrub/Shrub,23364,4726,23954,3581,21296,110,15173,27,17329,5041,25585,38580,1517,2,484,36593,1804,2587,7102,14387,6828,4182,11,70,170,15534,9690,47087,1052,8038,29902,3711,26905,9404,19484,26050,18449,153,20466,3558,8684,2743,6239,1430,26917,1084
289,Scrub/Shrub to Palustrine Forested Wetland,0,0,0,0,0,0,1,0,0,0,0,0,0,0,0,0,0,0,0,0,0,0,0,0,0,0,0,0,0,0,0,0,0,0,0,0,0,0,0,0,0,0,0,0,0,0
290,Scrub/Shrub to Palustrine Scrub/Shrub Wetland,0,0,0,0,0,0,0,0,0,0,0,0,0,0,0,0,0,0,0,0,0,0,0,0,0,0,0,0,0,0,0,0,0,0,0,0,0,0,0,0,0,0,0,0,0,0
291,Scrub/Shrub to Palustrine Emergent Wetland,0,0,0,0,0,0,0,0,0,0,0,0,0,0,0,0,0,0,0,0,0,0,0,0,0,0,0,0,0,0,0,0,0,0,0,0,0,0,0,0,0,0,0,0,0,0
292,Scrub/Shrub to Estuarine Forested Wetland,0,0,0,0,0,0,0,0,0,0,0,0,0,0,0,0,0,0,0,0,0,0,0,0,0,0,0,0,0,0,0,0,0,0,0,0,0,0,0,0,0,0,0,0,0,0
293,Scrub/Shrub to Estuarine Scrub/Shrub Wetland,0,0,0,0,0,0,0,0,0,0,0,0,0,0,0,0,0,0,0,0,0,0,0,0,0,0,0,0,0,0,0,0,0,0,0,0,0,0,0,0,0,0,0,0,0,0
294,Scrub/Shrub to Estuarine Emergent Wetland,0,0,0,0,0,0,0,0,0,0,0,0,0,0,0,0,0,0,0,0,0,0,0,0,0,0,0,0,0,0,0,0,0,0,0,0,0,0,0,0,0,0,0,0,0,0
295,Scrub/Shrub to Unconsolidated Shore,0,0,0,0,0,0,0,0,0,0,0,0,0,0,0,0,0,0,0,0,0,0,0,0,0,0,0,0,0,0,0,0,0,0,0,0,0,0,0,0,0,0,0,0,0,0
296,Scrub/Shrub to Bare Land,45,137,56,6,323,0,77,0,3,11,38,102,2,0,0,160,5,11,109,164,8,4,0,0,0,0,0,176,6,0,8,2,159,6,93,134,12,0,79,9,38,39,63,71,2,1
297,Scrub/Shrub to Water,0,2,135,13,39,0,6,0,0,25,6,31,0,0,0,91,5,2,17,59,0,0,0,0,0,0,0,28,11,0,20,0,257,2,4,253,55,1,1,0,0,8,0,19,7,4
298,Scrub/Shrub to Palustrine Aquatic Bed,0,0,0,0,0,0,0,0,0,0,0,0,0,0,0,0,0,0,0,0,0,0,0,0,0,0,0,0,0,0,0,0,0,0,0,0,0,0,0,0,0,0,0,0,0,0
299,Scrub/Shrub to Estuarine Aquatic Bed,0,0,0,0,0,0,0,0,0,0,0,0,0,0,0,0,0,0,0,0,0,0,0,0,0,0,0,0,0,0,0,0,0,0,0,0,0,0,0,0,0,0,0,0,0,0
300,Scrub/Shrub to Tundra,0,0,0,0,0,0,0,0,0,0,0,0,0,0,0,0,0,0,0,0,0,0,0,0,0,0,0,0,0,0,0,0,0,0,0,0,0,0,0,0,0,0,0,0,0,0
301,Scrub/Shrub to Snow/Ice,0,0,0,0,0,0,0,0,0,0,0,0,0,0,0,0,0,0,0,0,0,0,0,0,0,0,0,0,0,0,0,0,0,0,0,0,0,0,0,0,0,0,0,0,0,0
302,Palustrine Forested Wetland to Unclassified,0,0,0,0,0,0,0,0,0,0,0,0,0,0,0,0,0,0,0,0,0,0,0,0,0,0,0,0,0,0,0,0,0,0,0,0,0,0,0,0,0,0,0,0,0,0
303,Palustrine Forested Wetland to High Intensity Developed,147,0,126,172,126,0,6,0,0,228,21,10,7,0,0,20,73,116,178,59,49,21,0,0,0,0,5,0,400,41,141,53,7,113,0,38,15,2,0,82,48,147,256,1,25,57
304,Palustrine Forested Wetland to Medium Intensity Developed,207,0,651,550,265,0,17,0,0,478,42,14,56,0,0,22,316,365,424,168,175,151,3,0,0,0,10,12,1884,302,309,41,15,332,5,160,106,4,0,186,295,480,768,11,412,386
305,Palustrine Forested Wetland to Low Intensity Developed,302,9,741,819,260,2,34,0,0,695,55,18,90,0,0,27,520,404,542,210,339,168,4,0,0,0,11,50,2808,291,273,56,37,226,6,216,407,12,0,58,396,1203,880,38,743,483
306,Palustrine Forested Wetland to Developed Open Space,69,12,285,446,74,0,12,0,0,307,13,16,55,0,0,23,419,80,450,117,38,130,4,0,0,4,0,20,743,6,89,5,36,775,2,86,159,0,0,14,68,609,80,2,420,505
307,Palustrine Forested Wetland to Cultivated,0,0,0,0,0,0,0,0,0,0,0,0,0,0,0,0,0,0,0,0,0,0,0,0,0,0,0,0,0,0,0,0,65,0,0,0,0,0,0,0,0,0,0,0,0,0
308,Palustrine Forested Wetland to Pasture/Hay,117,0,39,7,0,0,0,0,0,73,11,395,0,0,0,9,0,0,0,1,0,0,0,0,0,0,2,1,0,3,4,0,0,0,0,6,3,0,0,18,24,0,22,0,46,0
309,Palustrine Forested Wetland to Grassland,0,0,0,0,0,0,0,0,0,0,0,0,0,0,0,0,0,0,0,0,0,0,0,0,0,0,0,0,0,0,0,0,0,0,0,0,0,0,0,0,0,0,0,0,0,0
310,Palustrine Forested Wetland to Deciduous Forest,0,0,0,0,0,0,0,0,0,0,0,0,0,0,0,0,0,0,0,0,0,0,0,0,0,0,0,0,0,0,0,0,0,0,0,0,0,0,0,0,0,0,0,0,0,0
311,Palustrine Forested Wetland to Evergreen Forest,0,0,0,0,0,0,0,0,0,0,0,0,0,0,0,0,0,0,0,0,0,0,0,0,0,0,0,0,0,0,0,0,0,0,0,0,0,0,0,0,0,0,0,0,0,0
312,Palustrine Forested Wetland to Mixed Forest,0,0,0,0,0,0,0,0,0,0,0,0,0,0,0,0,0,0,0,0,0,0,0,0,0,0,0,0,0,0,0,0,0,0,0,0,0,0,0,0,0,0,0,0,0,0
313,Palustrine Forested Wetland to Scrub/Shrub,0,0,0,0,0,0,0,0,0,0,0,0,0,0,0,0,0,0,0,0,0,0,0,0,0,0,0,0,0,0,0,0,0,0,0,0,0,0,0,0,0,0,0,0,0,0
314,Palustrine Forested Wetland to Palustrine Forested Wetland,59723,58904,77421,60333,51409,6978,9601,131,74315,40321,113603,34675,4921,49,764,74523,33227,19890,69264,32224,115363,16092,3426,1097,12424,25792,64028,53554,86021,53960,81474,13264,51314,39180,121858,57022,125120,11374,78493,11728,39709,72660,61816,48893,51705,41022
315,Palustrine Forested Wetland to Palustrine Scrub/Shrub Wetland,278,3656,305,221,3537,0,29,0,143,773,175,4309,20,0,0,3773,95,138,767,282,893,20,0,0,0,1,551,3196,708,92,201,167,614,351,7230,3537,1728,1,395,125,147,395,102,65,546,185
316,Palustrine Forested Wetland to Palustrine Emergent Wetland,681,1286,357,298,797,2,41,21,88,640,675,1361,11,0,0,2828,166,775,1658,195,1669,54,0,0,0,248,147,840,2064,69,507,42,157,1201,2204,427,1672,19,134,122,235,1189,221,589,405,893
317,Palustrine Forested Wetland to Estuarine Forested Wetland,0,0,0,0,0,0,0,0,0,0,0,0,0,0,0,0,0,0,0,0,0,0,0,0,0,0,0,0,0,0,0,0,0,0,0,0,0,0,0,0,0,0,0,0,0,0
318,Palustrine Forested Wetland to Estuarine Scrub/Shrub Wetland,0,0,0,0,0,0,0,0,0,0,0,0,0,0,0,0,0,0,1,0,0,0,0,0,0,0,0,0,0,0,0,0,0,0,0,0,0,0,0,0,0,0,0,0,0,0
319,Palustrine Forested Wetland to Estuarine Emergent Wetland,0,0,0,0,0,0,0,0,0,0,0,0,0,0,0,0,0,0,0,0,0,0,0,0,0,0,0,0,0,0,0,0,0,0,0,0,0,0,0,0,0,0,0,0,0,0
320,Palustrine Forested Wetland to Unconsolidated Shore,0,0,0,0,0,0,0,0,0,0,0,0,0,0,0,0,0,0,0,0,0,0,0,0,0,0,0,0,0,0,0,0,0,0,0,0,0,0,0,0,0,0,0,0,0,0
321,Palustrine Forested Wetland to Bare Land,399,120,191,77,141,0,9,0,0,179,87,5,103,0,0,47,186,295,331,48,234,130,0,0,0,3,2,21,1817,30,77,9,0,190,168,101,95,1,73,94,130,339,66,262,117,203
322,Palustrine Forested Wetland to Water,3,5,168,93,50,0,0,0,0,139,15,6,9,0,0,34,41,69,125,60,13,13,0,0,0,0,23,34,953,65,70,2,12,291,52,71,43,12,1,47,38,120,53,43,193,86
323,Palustrine Forested Wetland to Palustrine Aquatic Bed,0,0,0,0,0,0,0,0,0,0,0,0,0,0,0,0,0,0,0,0,0,0,0,0,0,0,0,0,0,0,0,0,0,0,0,0,0,0,0,0,0,0,0,0,0,0
324,Palustrine Forested Wetland to Estuarine Aquatic Bed,0,0,0,0,0,0,0,0,0,0,0,0,0,0,0,0,0,0,0,0,0,0,0,0,0,0,0,0,0,0,0,0,0,0,0,0,0,0,0,0,0,0,0,0,0,0
325,Palustrine Forested Wetland to Tundra,0,0,0,0,0,0,0,0,0,0,0,0,0,0,0,0,0,0,0,0,0,0,0,0,0,0,0,0,0,0,0,0,0,0,0,0,0,0,0,0,0,0,0,0,0,0
326,Palustrine Forested Wetland to Snow/Ice,0,0,0,0,0,0,0,0,0,0,0,0,0,0,0,0,0,0,0,0,0,0,0,0,0,0,0,0,0,0,0,0,0,0,0,0,0,0,0,0,0,0,0,0,0,0
327,Palustrine Scrub/Shrub Wetland to Unclassified,0,0,0,0,0,0,0,0,0,0,0,0,0,0,0,0,0,0,0,0,0,0,0,0,0,0,0,0,0,0,0,0,0,0,0,0,0,0,0,0,0,0,0,0,0,0
328,Palustrine Scrub/Shrub Wetland to High Intensity Developed,20,0,112,35,24,0,1,0,0,41,0,86,5,0,0,17,31,30,19,11,2,4,0,0,0,0,1,4,41,3,37,3,11,42,1,12,8,0,0,3,11,5,47,2,14,12
329,Palustrine Scrub/Shrub Wetland to Medium Intensity Developed,10,0,612,178,60,0,0,0,0,157,1,140,32,0,0,63,186,53,94,28,36,28,0,0,0,0,3,31,182,26,30,0,26,69,57,93,40,2,0,11,93,77,148,3,136,62
330,Palustrine Scrub/Shrub Wetland to Low Intensity Developed,57,9,879,323,85,0,5,0,0,358,2,395,84,0,0,100,418,79,140,36,68,68,0,0,0,0,12,32,318,60,27,5,108,244,54,101,134,1,0,7,213,402,183,20,417,117
331,Palustrine Scrub/Shrub Wetland to Developed Open Space,41,2,858,334,50,0,4,0,0,260,0,204,55,0,0,81,214,57,164,67,61,33,0,0,0,1,4,12,216,35,29,10,94,393,29,46,95,0,0,0,155,526,160,22,477,60
332,Palustrine Scrub/Shrub Wetland to Cultivated,0,0,0,0,0,0,0,0,0,0,0,0,0,0,0,0,0,0,0,0,0,0,0,0,0,0,0,0,0,0,0,0,0,0,0,0,0,0,0,0,0,0,0,0,0,0
333,Palustrine Scrub/Shrub Wetland to Pasture/Hay,19,0,39,2,0,0,0,0,0,53,10,588,0,0,0,18,0,0,0,0,0,0,0,0,0,0,0,0,0,0,2,0,13,0,0,2,0,0,0,2,9,0,1,0,45,0
334,Palustrine Scrub/Shrub Wetland to Grassland,0,0,0,0,0,0,0,0,0,0,0,0,0,0,0,0,0,0,0,0,0,0,0,0,0,0,0,0,0,0,0,0,0,0,0,0,0,0,0,0,0,0,0,0,0,0
335,Palustrine Scrub/Shrub Wetland to Deciduous Forest,0,0,0,0,0,0,0,0,0,0,0,0,0,0,0,0,0,0,0,0,0,0,0,0,0,0,0,0,0,0,0,0,0,0,0,0,0,0,0,0,0,0,0,0,0,0
336,Palustrine Scrub/Shrub Wetland to Evergreen Forest,0,0,0,0,0,0,0,0,0,0,0,0,0,0,0,0,0,0,0,0,0,0,0,0,0,0,0,0,0,0,0,0,0,0,0,0,0,0,0,0,0,0,0,0,0,0
337,Palustrine Scrub/Shrub Wetland to Mixed Forest,0,0,0,0,0,0,0,0,0,0,0,0,0,0,0,0,0,0,0,0,0,0,0,0,0,0,0,0,0,0,0,0,0,0,0,0,0,0,0,0,0,0,0,0,0,0
338,Palustrine Scrub/Shrub Wetland to Scrub/Shrub,0,0,0,0,0,0,0,0,0,0,0,0,0,0,0,0,0,0,0,0,0,0,0,0,0,0,0,0,0,0,0,0,0,0,0,0,0,0,0,0,0,0,0,0,0,0
339,Palustrine Scrub/Shrub Wetland to Palustrine Forested Wetland,17,344,54,44,692,3,25,0,35,83,12,3830,0,0,0,1995,56,106,73,10,281,0,0,0,0,1,206,74,13,145,12,199,992,261,3888,38,148,69,2496,8,4,64,6,8,197,35
340,Palustrine Scrub/Shrub Wetland to Palustrine Scrub/Shrub Wetland,5032,8461,23035,11551,11208,882,1329,16,7477,15835,5824,51214,2518,43,381,33836,8145,2776,15772,4198,26811,4300,234,562,2636,18321,17462,17417,8153,7752,10231,7469,11107,18864,33384,4990,50458,1616,16604,3277,11172,12372,5817,11928,21821,7654
341,Palustrine Scrub/Shrub Wetland to Palustrine Emergent Wetland,77,207,299,148,397,0,52,0,41,269,174,4369,1,0,0,678,29,121,661,13,698,23,0,0,0,3,138,443,276,2,27,17,155,881,381,127,840,23,157,18,152,221,53,572,426,237
342,Palustrine Scrub/Shrub Wetland to Estuarine Forested Wetland,0,0,0,0,0,0,0,0,0,0,0,0,0,0,0,0,0,0,0,0,0,0,0,0,0,0,0,0,0,0,0,0,0,0,0,0,0,0,0,0,0,0,0,0,0,0
343,Palustrine Scrub/Shrub Wetland to Estuarine Scrub/Shrub Wetland,0,0,0,0,0,0,0,0,0,0,0,0,0,0,0,0,0,0,0,0,0,0,0,0,0,0,0,0,0,0,0,0,0,0,0,0,0,0,0,0,0,0,0,0,0,0
344,Palustrine Scrub/Shrub Wetland to Estuarine Emergent Wetland,0,0,0,0,0,0,0,0,0,0,0,0,0,0,0,0,0,0,0,0,0,0,0,0,0,0,0,0,0,0,0,0,0,0,0,0,0,0,0,0,0,0,0,0,0,0
345,Palustrine Scrub/Shrub Wetland to Unconsolidated Shore,0,0,0,0,0,0,0,0,0,0,0,0,0,0,0,0,0,0,0,0,0,0,0,0,0,0,0,0,0,0,0,0,0,0,0,0,0,0,0,0,0,0,0,0,0,0
346,Palustrine Scrub/Shrub Wetland to Bare Land,49,29,217,61,63,0,13,0,0,56,62,114,20,0,2,43,47,41,124,19,84,11,0,0,0,0,8,24,94,1,8,17,10,208,140,27,30,0,43,48,44,80,14,124,80,33
347,Palustrine Scrub/Shrub Wetland to Water,8,0,171,94,6,0,7,0,0,59,13,66,6,0,7,71,8,45,24,21,71,2,0,0,0,0,22,17,167,50,17,3,113,142,39,35,56,15,0,16,71,66,21,53,149,6
348,Palustrine Scrub/Shrub Wetland to Palustrine Aquatic Bed,0,0,0,0,0,0,0,0,0,0,0,0,0,0,0,0,0,0,0,0,0,0,0,0,0,0,0,0,0,0,0,0,0,0,0,0,0,0,0,0,0,0,0,0,0,0
349,Palustrine Scrub/Shrub Wetland to Estuarine Aquatic Bed,0,0,0,0,0,0,0,0,0,0,0,0,0,0,0,0,0,0,0,0,0,0,0,0,0,0,0,0,0,0,0,0,0,0,0,0,0,0,0,0,0,0,0,0,0,0
350,Palustrine Scrub/Shrub Wetland to Tundra,0,0,0,0,0,0,0,0,0,0,0,0,0,0,0,0,0,0,0,0,0,0,0,0,0,0,0,0,0,0,0,0,0,0,0,0,0,0,0,0,0,0,0,0,0,0
351,Palustrine Scrub/Shrub Wetland to Snow/Ice,0,0,0,0,0,0,0,0,0,0,0,0,0,0,0,0,0,0,0,0,0,0,0,0,0,0,0,0,0,0,0,0,0,0,0,0,0,0,0,0,0,0,0,0,0,0
352,Palustrine Emergent Wetland to Unclassified,0,0,0,0,0,0,0,0,0,0,0,0,0,0,0,0,0,0,0,0,0,0,0,0,0,0,0,0,0,0,0,0,0,0,0,0,0,0,0,0,0,0,0,0,0,0
353,Palustrine Emergent Wetland to High Intensity Developed,5,0,67,12,1,0,2,0,0,12,0,55,0,0,0,34,74,19,13,22,6,3,0,0,0,0,1,0,19,3,16,2,5,17,0,4,1,0,0,5,6,20,60,0,14,17
354,Palustrine Emergent Wetland to Medium Intensity Developed,7,0,193,83,32,0,1,0,0,39,1,149,12,0,0,89,180,63,76,93,45,18,0,0,0,0,7,5,114,32,17,1,36,44,8,37,24,0,0,12,76,88,124,8,180,45
355,Palustrine Emergent Wetland to Low Intensity Developed,9,2,279,148,18,2,7,0,0,115,0,273,17,0,0,131,295,94,109,115,92,35,0,0,0,0,11,18,194,38,31,1,64,75,6,47,81,1,0,5,131,233,166,17,228,95
356,Palustrine Emergent Wetland to Developed Open Space,8,2,229,111,8,0,12,0,0,106,4,277,15,0,0,131,207,30,105,70,79,36,0,0,0,17,2,33,153,17,30,0,56,133,4,34,81,0,0,2,127,171,102,60,327,62
357,Palustrine Emergent Wetland to Cultivated,0,0,0,0,0,0,0,0,0,0,0,0,0,0,0,0,0,0,0,0,0,0,0,0,0,0,0,0,0,0,0,0,1,0,0,0,0,0,0,0,0,0,0,0,0,0
358,Palustrine Emergent Wetland to Pasture/Hay,17,0,147,5,0,0,0,0,0,13,17,647,0,0,0,34,0,0,0,2,0,0,0,0,0,0,4,7,0,3,8,0,24,0,0,3,5,0,0,23,39,0,12,0,42,0
359,Palustrine Emergent Wetland to Grassland,0,0,0,0,0,0,0,0,0,0,0,0,0,0,0,0,0,0,0,0,0,0,0,0,0,0,0,0,0,0,0,0,0,0,0,0,0,0,0,0,0,0,0,0,0,0
360,Palustrine Emergent Wetland to Deciduous Forest,0,0,0,0,0,0,0,0,0,0,0,0,0,0,0,0,0,0,0,0,0,0,0,0,0,0,0,0,0,0,0,0,0,0,0,0,0,0,0,0,0,0,0,0,0,0
361,Palustrine Emergent Wetland to Evergreen Forest,0,0,0,0,0,0,0,0,0,0,0,0,0,0,0,0,0,0,0,0,0,0,0,0,0,0,0,0,0,0,0,0,0,0,0,0,0,0,0,0,0,0,0,0,0,0
362,Palustrine Emergent Wetland to Mixed Forest,0,0,0,0,0,0,0,0,0,0,0,0,0,0,0,0,0,0,0,0,0,0,0,0,0,0,0,0,0,0,0,0,0,0,0,0,0,0,0,0,0,0,0,0,0,0
363,Palustrine Emergent Wetland to Scrub/Shrub,0,0,0,0,0,0,0,0,0,0,0,0,0,0,0,0,0,0,0,0,0,0,0,0,0,0,0,0,0,0,0,0,0,0,0,0,0,0,0,0,0,0,0,0,0,0
364,Palustrine Emergent Wetland to Palustrine Forested Wetland,0,948,0,0,8,0,0,0,0,0,0,12,0,0,0,0,0,0,0,0,0,0,0,0,0,0,0,2,0,0,0,0,0,0,93,0,0,0,195,0,0,0,0,0,0,0
365,Palustrine Emergent Wetland to Palustrine Scrub/Shrub Wetland,46,195,19,23,115,3,6,0,480,133,1,4977,0,0,0,1951,42,42,16,5,14,1,0,0,0,43,81,510,33,30,38,134,346,68,2733,398,77,28,1100,7,10,25,26,25,127,89
366,Palustrine Emergent Wetland to Palustrine Emergent Wetland,7025,17516,10642,8240,4929,7623,841,3,17483,29832,2962,42770,1990,84,316,25660,26008,5342,13648,3784,34941,4140,79,72,876,358343,15649,18929,16758,5945,8546,7574,19691,28237,9706,5914,32129,1630,17368,4598,10298,16526,8139,16360,19720,18159
367,Palustrine Emergent Wetland to Estuarine Forested Wetland,0,0,0,0,0,0,0,0,0,0,0,0,0,0,0,0,0,0,0,0,0,0,0,0,0,0,0,0,0,0,0,0,0,0,0,0,0,0,0,0,0,0,0,0,0,0
368,Palustrine Emergent Wetland to Estuarine Scrub/Shrub Wetland,0,0,0,0,0,0,0,0,0,0,0,0,0,0,0,0,0,0,0,0,0,0,0,0,0,0,0,0,0,0,0,0,0,0,0,0,0,0,0,0,0,0,0,0,0,0
369,Palustrine Emergent Wetland to Estuarine Emergent Wetland,0,0,0,0,0,0,0,0,0,0,0,0,0,0,0,0,0,0,0,0,0,0,0,0,0,0,1,0,0,0,0,0,0,0,0,0,0,0,0,0,0,0,0,0,0,0
370,Palustrine Emergent Wetland to Unconsolidated Shore,0,0,0,0,0,0,0,0,0,0,0,0,0,0,0,0,0,0,0,0,0,0,0,0,0,0,0,0,0,0,0,0,0,0,0,0,0,0,0,0,0,0,0,0,0,0
371,Palustrine Emergent Wetland to Bare Land,3,43,39,29,33,1,1,0,0,37,6,29,14,0,0,45,61,14,135,5,6,30,0,0,0,4,0,9,94,1,4,1,13,26,37,15,11,0,26,30,23,45,13,62,32,23
372,Palustrine Emergent Wetland to Water,17,1,104,52,11,0,0,0,0,69,7,35,3,0,16,48,70,42,84,41,12,9,0,0,0,0,31,7,181,12,12,0,58,149,1,48,75,6,0,23,84,113,51,33,206,17
373,Palustrine Emergent Wetland to Palustrine Aquatic Bed,0,0,0,0,0,0,0,0,0,0,0,0,0,0,0,0,0,0,0,0,0,0,0,0,0,0,0,0,0,0,0,0,0,0,5,0,0,0,0,0,0,0,0,0,0,0
374,Palustrine Emergent Wetland to Estuarine Aquatic Bed,0,0,0,0,0,0,0,0,0,0,0,0,0,0,0,0,0,0,0,0,0,0,0,0,0,0,0,0,0,0,0,0,0,0,3,0,0,0,0,0,0,0,0,0,0,0
375,Palustrine Emergent Wetland to Tundra,0,0,0,0,0,0,0,0,0,0,0,0,0,0,0,0,0,0,0,0,0,0,0,0,0,0,0,0,0,0,0,0,0,0,0,0,0,0,0,0,0,0,0,0,0,0
376,Palustrine Emergent Wetland to Snow/Ice,0,0,0,0,0,0,0,0,0,0,0,0,0,0,0,0,0,0,0,0,0,0,0,0,0,0,0,0,0,0,0,0,0,0,0,0,0,0,0,0,0,0,0,0,0,0
377,Estuarine Forested Wetland to Unclassified,0,0,0,0,0,0,0,0,0,0,0,0,0,0,0,0,0,0,0,0,0,0,0,0,0,0,0,0,0,0,0,0,0,0,0,0,0,0,0,0,0,0,0,0,0,0
378,Estuarine Forested Wetland to High Intensity Developed,0,0,1,1,0,0,0,0,0,34,0,0,15,0,0,0,9,11,0,0,2,0,0,0,0,0,0,0,2,2,0,0,0,4,0,0,0,0,0,10,1,1,0,0,1,0
379,Estuarine Forested Wetland to Medium Intensity Developed,0,0,0,6,0,0,0,0,0,20,0,0,44,0,0,0,9,37,1,0,2,0,0,0,0,0,0,0,6,7,0,0,0,0,0,0,2,0,0,47,2,13,1,0,3,1
380,Estuarine Forested Wetland to Low Intensity Developed,0,0,6,30,0,0,0,0,0,31,0,0,95,0,3,0,14,45,4,0,19,4,0,0,0,0,0,0,11,8,0,0,0,2,0,0,3,5,0,10,6,33,10,1,9,0
381,Estuarine Forested Wetland to Developed Open Space,0,0,0,13,0,0,0,0,0,10,0,0,11,0,0,0,1,2,0,0,3,0,0,0,0,0,0,0,0,0,0,0,0,1,0,0,2,0,0,1,0,6,0,0,0,0
382,Estuarine Forested Wetland to Cultivated,0,0,0,0,0,0,0,0,0,0,0,0,0,0,0,0,0,0,0,0,0,0,0,0,0,0,0,0,0,0,0,0,0,0,0,0,0,0,0,0,0,0,0,0,0,0
383,Estuarine Forested Wetland to Pasture/Hay,0,0,0,0,0,0,0,0,0,0,0,0,0,0,0,0,0,0,0,0,0,0,0,0,0,0,0,0,0,0,0,0,0,0,0,0,0,0,0,0,0,0,0,0,0,0
384,Estuarine Forested Wetland to Grassland,0,0,0,0,0,0,0,0,0,0,0,0,41,0,0,0,0,8,0,0,8,0,0,0,0,0,8,0,1,0,0,0,0,0,0,0,1,0,0,1,0,3,0,1,6,0
385,Estuarine Forested Wetland to Deciduous Forest,0,0,0,0,0,0,0,0,0,0,0,0,0,0,0,0,0,0,0,0,0,0,0,0,0,0,0,0,0,0,0,0,0,0,0,0,0,0,0,0,0,0,0,0,0,0
386,Estuarine Forested Wetland to Evergreen Forest,5,0,29,39,0,218,0,694,0,511,2,0,327,0,44,0,10,180,22,0,232,51,30,35,31,45,1896,0,91,252,25,0,0,49,0,0,56,29,0,214,17,481,5,68,153,20
387,Estuarine Forested Wetland to Mixed Forest,0,0,0,0,0,0,0,0,0,0,0,0,0,0,0,0,0,0,0,0,0,0,0,0,0,0,0,0,0,0,0,0,0,0,0,0,0,0,0,0,0,0,0,0,0,0
388,Estuarine Forested Wetland to Scrub/Shrub,0,0,0,1,0,0,0,11,0,0,0,0,0,0,0,0,0,4,0,0,7,0,0,0,0,0,37,0,0,0,0,0,0,0,0,0,1,0,0,0,0,2,1,0,35,0
389,Estuarine Forested Wetland to Palustrine Forested Wetland,0,0,0,0,0,0,0,0,0,0,0,0,0,0,0,0,0,0,0,0,0,0,0,0,0,0,0,0,0,0,0,0,0,0,0,0,0,0,0,0,0,0,0,0,0,0
390,Estuarine Forested Wetland to Palustrine Scrub/Shrub Wetland,0,0,0,0,0,0,0,0,0,0,0,0,0,0,0,0,0,0,0,0,0,0,0,0,0,0,0,0,0,0,0,0,0,0,0,0,0,0,0,0,0,0,0,0,0,0
391,Estuarine Forested Wetland to Palustrine Emergent Wetland,0,0,0,0,0,0,0,0,0,0,0,0,0,0,0,0,0,0,0,0,0,0,0,0,0,0,0,0,0,0,0,0,0,0,0,0,0,0,0,0,0,0,0,0,0,0
392,Estuarine Forested Wetland to Estuarine Forested Wetland,496,2041,5797,22971,0,23270,0,157159,729,10901,1247,10,5059,31,3126,0,521,69039,12570,194,5128,9417,15516,19366,29962,2607,22323,160,29299,8568,4957,0,0,32229,0,21,7312,24532,51,15853,3629,11361,2197,173670,4168,362
393,Estuarine Forested Wetland to Estuarine Scrub/Shrub Wetland,0,4,0,135,0,3,0,1579,0,34,0,0,1,0,0,0,0,3,2,0,2,3,0,0,1,0,188,0,4,302,0,0,0,4,0,0,14,0,0,43,0,16,56,20,15,0
394,Estuarine Forested Wetland to Estuarine Emergent Wetland,0,23,257,419,0,38,0,808,0,347,0,0,19,0,9,0,1,218,45,4,25,29,9,0,13,0,1423,0,269,47,0,0,0,62,0,0,48,28,0,79,10,155,140,800,96,0
395,Estuarine Forested Wetland to Unconsolidated Shore,0,0,0,0,0,0,0,0,0,0,0,0,0,0,0,0,0,0,0,0,0,0,0,0,0,0,0,0,0,0,0,0,0,0,0,0,0,0,0,0,0,0,0,0,0,0
396,Estuarine Forested Wetland to Bare Land,0,0,3,83,0,1,0,0,0,2,0,0,37,0,14,0,1,16,1,0,0,3,0,0,0,0,2,0,4,16,0,0,0,1,0,0,0,0,0,0,7,20,0,2,1,0
397,Estuarine Forested Wetland to Water,0,0,251,10,0,0,0,19,0,52,2,0,15,0,4,0,2,245,24,0,19,0,0,0,0,0,261,0,101,148,0,0,0,27,0,0,52,566,0,181,0,39,45,230,36,0
398,Estuarine Forested Wetland to Palustrine Aquatic Bed,0,0,0,0,0,0,0,0,0,0,0,0,0,0,0,0,0,0,0,0,0,0,0,0,0,0,0,0,0,0,0,0,0,0,0,0,0,0,0,0,0,0,0,0,0,0
399,Estuarine Forested Wetland to Estuarine Aquatic Bed,0,0,0,0,0,0,0,0,0,0,0,0,0,0,0,0,0,0,0,0,0,0,0,0,0,0,0,0,0,0,0,0,0,0,0,0,0,0,0,0,0,0,0,0,0,0
400,Estuarine Forested Wetland to Tundra,0,0,0,0,0,0,0,0,0,0,0,0,0,0,0,0,0,0,0,0,0,0,0,0,0,0,0,0,0,0,0,0,0,0,0,0,0,0,0,0,0,0,0,0,0,0
401,Estuarine Forested Wetland to Snow/Ice,0,0,0,0,0,0,0,0,0,0,0,0,0,0,0,0,0,0,0,0,0,0,0,0,0,0,0,0,0,0,0,0,0,0,0,0,0,0,0,0,0,0,0,0,0,0
402,Estuarine Scrub/Shrub Wetland to Unclassified,0,0,0,0,0,0,0,0,0,0,0,0,0,0,0,0,0,0,0,0,0,0,0,0,0,0,0,0,0,0,0,0,0,0,0,0,0,0,0,0,0,0,0,0,0,0
403,Estuarine Scrub/Shrub Wetland to High Intensity Developed,0,0,0,0,2,0,0,0,0,1,0,0,8,0,0,0,1,0,0,0,1,0,0,0,0,0,1,0,1,0,0,0,0,2,0,0,0,0,0,3,6,0,0,3,0,0
404,Estuarine Scrub/Shrub Wetland to Medium Intensity Developed,0,0,1,2,2,0,0,0,0,5,0,0,26,0,0,0,5,2,1,0,2,0,0,0,0,0,0,0,7,0,0,0,0,0,3,0,0,1,0,4,3,3,1,0,0,0
405,Estuarine Scrub/Shrub Wetland to Low Intensity Developed,0,0,3,8,2,0,1,0,0,23,0,0,81,0,3,0,3,14,1,0,11,0,0,0,0,0,0,0,10,1,0,0,5,0,4,0,1,1,0,1,3,9,4,0,1,0
406,Estuarine Scrub/Shrub Wetland to Developed Open Space,0,0,1,9,0,0,3,0,0,34,0,0,33,0,0,0,1,6,1,1,1,0,0,0,0,0,0,0,1,0,0,1,6,0,0,0,0,2,0,0,2,4,1,1,1,0
407,Estuarine Scrub/Shrub Wetland to Cultivated,0,0,0,0,0,0,0,0,0,0,0,0,0,0,0,0,0,0,0,0,0,0,0,0,0,0,0,0,0,0,0,0,0,0,0,0,0,0,0,0,0,0,0,0,0,0
408,Estuarine Scrub/Shrub Wetland to Pasture/Hay,0,0,0,0,0,0,0,0,0,0,0,0,0,0,0,0,0,0,0,0,0,0,0,0,0,0,0,0,0,0,0,0,0,0,0,0,0,0,0,0,0,0,0,0,0,0
409,Estuarine Scrub/Shrub Wetland to Grassland,0,0,0,0,0,0,0,0,0,1,0,0,10,0,0,0,0,1,0,0,1,0,0,0,0,0,7,0,0,0,0,0,0,0,0,0,0,0,0,0,0,1,0,3,0,0
410,Estuarine Scrub/Shrub Wetland to Deciduous Forest,0,0,0,0,0,0,0,0,0,0,0,0,0,0,0,0,0,0,0,0,0,0,0,0,0,0,0,0,0,0,0,0,0,0,0,0,0,0,0,0,0,0,0,0,0,0
411,Estuarine Scrub/Shrub Wetland to Evergreen Forest,0,0,0,0,0,1,0,1,0,1,0,0,1,0,0,0,1,0,0,0,2,0,0,0,0,0,28,0,0,0,0,0,0,1,0,0,2,0,0,0,0,10,0,0,6,0
412,Estuarine Scrub/Shrub Wetland to Mixed Forest,0,0,0,0,0,0,0,0,0,0,0,0,0,0,0,0,0,0,0,0,0,0,0,0,0,0,0,0,0,0,0,0,0,0,0,0,0,0,0,0,0,0,0,0,0,0
413,Estuarine Scrub/Shrub Wetland to Scrub/Shrub,2,0,77,16,47,44,138,147,0,3253,38,0,152,0,19,2,8,95,8,3,81,33,10,9,20,35,11351,0,36,36,6,34,26,137,46,1,5,22,0,40,3,118,1,63,80,6
414,Estuarine Scrub/Shrub Wetland to Palustrine Forested Wetland,0,0,0,0,0,0,0,0,0,0,0,0,0,0,0,0,0,0,0,0,0,0,0,0,0,0,0,0,0,0,0,0,0,0,0,0,0,0,0,0,0,0,0,0,0,0
415,Estuarine Scrub/Shrub Wetland to Palustrine Scrub/Shrub Wetland,0,0,2,0,0,0,0,0,0,0,0,0,0,0,0,0,0,0,0,0,0,0,0,0,0,0,0,0,0,0,0,0,0,0,0,0,0,0,0,0,0,0,0,0,0,0
416,Estuarine Scrub/Shrub Wetland to Palustrine Emergent Wetland,0,0,0,0,0,0,0,0,0,0,0,0,0,0,0,0,0,0,0,0,0,0,0,0,0,0,0,0,0,0,0,0,0,0,0,0,0,0,0,0,0,0,0,1,0,0
417,Estuarine Scrub/Shrub Wetland to Estuarine Forested Wetland,0,0,18,39,2,6,0,0,0,11,4,0,3,0,0,0,8,37,4,0,16,3,0,0,0,0,295,0,0,2,0,0,0,4,1,0,4,34,0,8,0,19,3,7,12,0
418,Estuarine Scrub/Shrub Wetland to Estuarine Scrub/Shrub Wetland,131,12,1041,2924,990,3181,193,21612,38,8997,1643,577,1446,7,639,163,154,3188,898,1106,613,1642,1562,1809,2175,4023,35862,190,4649,709,571,149,6353,7528,1028,15,537,1218,28,1850,260,1323,507,18563,600,97
419,Estuarine Scrub/Shrub Wetland to Estuarine Emergent Wetland,0,4,21,134,5,8,0,129,0,213,4,0,15,0,2,1,0,212,2,5,14,8,0,0,1,0,1178,9,101,2,0,1,0,39,8,0,4,14,0,3,1,18,11,501,17,0
420,Estuarine Scrub/Shrub Wetland to Unconsolidated Shore,0,0,0,0,0,0,0,0,0,0,0,0,0,0,0,0,0,0,0,0,0,0,0,0,0,0,0,0,0,0,0,0,0,0,1,0,0,0,0,0,0,0,0,0,0,0
421,Estuarine Scrub/Shrub Wetland to Bare Land,0,0,1,28,10,2,0,0,0,25,1,0,29,0,8,0,0,1,0,0,0,0,0,0,0,0,14,0,1,5,0,0,0,0,5,0,0,2,0,3,5,7,0,6,1,0
422,Estuarine Scrub/Shrub Wetland to Water,0,0,8,3,0,0,0,4,0,12,8,0,7,0,20,0,0,34,4,0,2,0,0,0,0,0,32,0,6,9,0,0,0,3,0,0,3,27,0,14,0,5,0,8,2,0
423,Estuarine Scrub/Shrub Wetland to Palustrine Aquatic Bed,0,0,0,0,0,0,0,0,0,0,0,0,0,0,0,0,0,0,0,0,0,0,0,0,0,0,0,0,0,0,0,0,0,0,0,0,0,0,0,0,0,0,0,0,0,0
424,Estuarine Scrub/Shrub Wetland to Estuarine Aquatic Bed,0,0,0,0,0,0,0,0,0,0,0,0,0,0,0,0,0,0,0,0,0,0,0,0,0,0,0,0,0,0,0,0,0,0,0,0,0,0,0,0,0,0,0,0,0,0
425,Estuarine Scrub/Shrub Wetland to Tundra,0,0,0,0,0,0,0,0,0,0,0,0,0,0,0,0,0,0,0,0,0,0,0,0,0,0,0,0,0,0,0,0,0,0,0,0,0,0,0,0,0,0,0,0,0,0
426,Estuarine Scrub/Shrub Wetland to Snow/Ice,0,0,0,0,0,0,0,0,0,0,0,0,0,0,0,0,0,0,0,0,0,0,0,0,0,0,0,0,0,0,0,0,0,0,0,0,0,0,0,0,0,0,0,0,0,0
427,Estuarine Emergent Wetland to Unclassified,0,0,0,0,0,0,0,0,0,0,0,0,0,0,0,0,0,0,0,0,0,0,0,0,0,0,0,0,0,0,0,0,0,0,0,0,0,0,0,0,0,0,0,0,0,0
428,Estuarine Emergent Wetland to High Intensity Developed,1,0,2,1,3,0,1,0,0,16,0,0,128,0,0,1,2,1,0,17,2,0,0,0,0,0,7,0,2,0,0,0,1,4,0,0,1,0,0,20,12,1,3,2,2,0
429,Estuarine Emergent Wetland to Medium Intensity Developed,1,0,14,20,19,0,1,0,0,35,0,7,144,0,0,5,9,7,0,58,7,7,0,0,0,0,0,1,2,0,0,6,5,1,3,2,1,0,0,60,6,4,10,5,2,3
430,Estuarine Emergent Wetland to Low Intensity Developed,0,0,12,43,17,0,11,0,0,64,0,6,120,0,0,23,11,4,1,75,3,10,0,0,0,0,0,3,7,4,0,21,8,0,2,14,1,1,0,11,10,19,39,0,1,9
431,Estuarine Emergent Wetland to Developed Open Space,0,0,5,5,28,0,19,0,0,41,0,3,24,0,0,14,1,1,0,75,2,0,1,0,0,0,0,6,2,4,0,9,3,0,0,16,0,0,0,6,2,19,3,6,1,1
432,Estuarine Emergent Wetland to Cultivated,0,0,0,0,0,0,0,0,0,0,0,0,0,0,0,0,0,0,0,0,0,0,0,0,0,0,0,0,0,0,0,0,0,0,0,0,0,0,0,0,0,0,0,0,0,0
433,Estuarine Emergent Wetland to Pasture/Hay,0,0,0,0,0,0,0,0,0,0,0,0,0,0,0,0,0,0,0,0,0,0,0,0,0,0,0,0,0,0,0,0,0,0,0,0,0,0,0,0,0,0,0,0,0,0
434,Estuarine Emergent Wetland to Grassland,5,3,27,4,71,26,59,0,2,64,2,20,30,0,0,7,0,13,2,32,3,3,1,6,3,1,266,13,1,7,2,14,19,11,9,14,8,0,10,2,1,20,2,8,1,4
435,Estuarine Emergent Wetland to Deciduous Forest,0,0,0,0,0,0,0,0,0,0,0,0,0,0,0,0,0,0,0,0,0,0,0,0,0,0,0,0,0,0,0,0,0,0,0,0,0,0,0,0,0,0,0,0,0,0
436,Estuarine Emergent Wetland to Evergreen Forest,57,14,43,30,297,428,373,27,12,66,50,41,96,0,8,9,29,92,7,73,72,26,13,9,22,42,203,27,7,61,51,92,46,74,154,41,64,4,76,13,3,173,1,36,22,29
437,Estuarine Emergent Wetland to Mixed Forest,0,0,0,0,0,0,0,0,0,0,0,0,0,0,0,0,0,0,0,0,0,0,0,0,0,0,0,0,0,0,0,0,0,0,0,0,0,0,0,0,0,0,0,0,0,0
438,Estuarine Emergent Wetland to Scrub/Shrub,0,0,0,0,4,1,1,0,0,0,0,0,0,0,0,0,0,0,0,1,0,0,0,0,0,0,0,0,0,1,0,0,0,0,40,0,0,0,0,0,0,0,0,0,0,0
439,Estuarine Emergent Wetland to Palustrine Forested Wetland,0,0,1,0,0,0,0,0,0,0,0,0,0,0,0,0,0,0,0,0,0,0,0,0,0,0,0,0,0,0,0,0,0,0,0,0,0,0,0,0,0,0,0,0,0,0
440,Estuarine Emergent Wetland to Palustrine Scrub/Shrub Wetland,0,0,1,0,0,0,0,0,0,0,0,0,0,0,0,0,0,0,0,0,0,0,0,0,0,0,0,0,0,0,0,0,0,0,0,0,0,0,0,0,0,0,0,0,0,0
441,Estuarine Emergent Wetland to Palustrine Emergent Wetland,0,0,0,0,0,0,0,0,0,0,0,0,0,0,0,0,0,0,0,0,0,0,0,0,0,0,0,0,0,0,0,0,0,0,0,0,0,0,0,0,0,0,0,0,0,0
442,Estuarine Emergent Wetland to Estuarine Forested Wetland,0,0,0,0,0,0,0,0,0,0,0,0,0,0,0,0,0,0,0,0,0,0,0,0,0,0,0,0,0,0,0,0,0,0,0,0,0,0,2,0,0,0,0,0,0,0
443,Estuarine Emergent Wetland to Estuarine Scrub/Shrub Wetland,0,2,50,3,47,17,0,23,0,14,4,0,7,0,0,3,17,28,0,5,0,0,0,0,0,0,6,2,1,2,1,1,1,0,112,3,5,362,0,3,0,0,0,2,1,0
444,Estuarine Emergent Wetland to Estuarine Emergent Wetland,25426,26161,2873,6939,21651,5528,3633,13978,72230,13719,71112,7070,2866,23,1366,4370,698,8524,801,95438,1423,600,5537,12226,20670,43616,55328,21299,4597,7886,14639,11828,16145,8847,12463,26597,2157,2242,60452,2959,1265,2949,1462,17269,3277,974
445,Estuarine Emergent Wetland to Unconsolidated Shore,0,1,0,0,0,0,0,0,0,0,0,0,0,0,0,1,0,0,0,7,0,0,2,0,0,0,0,0,0,0,0,0,0,0,0,1,0,0,5,0,0,0,0,0,0,0
446,Estuarine Emergent Wetland to Bare Land,1,15,4,0,81,0,8,0,0,1,0,0,10,0,29,1,0,0,0,99,0,0,0,0,0,0,0,27,6,16,0,0,1,0,9,2,0,1,0,0,9,0,0,31,0,0
447,Estuarine Emergent Wetland to Water,13,5,346,38,9,1,3,19,7,225,4,132,109,0,68,97,1,23,2,289,2,5,10,43,31,0,197,64,5,110,12,3,288,24,0,77,8,35,0,73,16,5,26,17,12,2
448,Estuarine Emergent Wetland to Palustrine Aquatic Bed,0,0,0,0,0,0,0,0,0,0,0,0,0,0,0,0,0,0,0,0,0,0,0,0,0,0,0,0,0,0,0,0,0,0,0,0,0,0,0,0,0,0,0,0,0,0
449,Estuarine Emergent Wetland to Estuarine Aquatic Bed,0,0,0,0,0,0,0,0,0,0,0,0,0,0,0,0,0,0,0,0,0,0,0,0,0,0,0,0,0,0,0,0,0,0,711,0,0,0,0,0,0,0,0,0,0,0
450,Estuarine Emergent Wetland to Tundra,0,0,0,0,0,0,0,0,0,0,0,0,0,0,0,0,0,0,0,0,0,0,0,0,0,0,0,0,0,0,0,0,0,0,0,0,0,0,0,0,0,0,0,0,0,0
451,Estuarine Emergent Wetland to Snow/Ice,0,0,0,0,0,0,0,0,0,0,0,0,0,0,0,0,0,0,0,0,0,0,0,0,0,0,0,0,0,0,0,0,0,0,0,0,0,0,0,0,0,0,0,0,0,0
452,Unconsolidated Shore to Unclassified,0,0,0,0,0,0,0,0,0,0,0,0,0,0,0,0,0,0,0,0,0,0,0,0,0,0,0,0,0,0,0,0,0,0,0,0,0,0,0,0,0,0,0,0,0,0
453,Unconsolidated Shore to High Intensity Developed,0,0,0,0,1,0,0,0,0,0,0,0,0,0,0,0,0,0,0,4,0,0,0,0,0,0,0,0,0,0,0,0,0,0,0,0,0,0,0,0,0,0,0,0,0,0
454,Unconsolidated Shore to Medium Intensity Developed,0,0,0,0,0,0,2,0,0,0,0,0,0,0,0,3,0,0,0,1,0,0,0,0,0,0,0,0,0,0,0,3,2,0,0,3,0,0,0,0,0,0,0,0,0,0
455,Unconsolidated Shore to Low Intensity Developed,0,0,0,0,3,0,11,0,0,0,0,1,0,0,0,6,0,0,0,4,0,0,0,0,0,0,0,3,0,0,0,6,7,0,0,4,0,0,0,0,0,0,0,0,0,0
456,Unconsolidated Shore to Developed Open Space,0,0,0,0,5,0,24,0,0,0,0,1,0,0,0,7,0,0,0,3,0,0,0,0,0,0,0,0,0,0,0,2,6,0,0,0,0,0,0,0,0,0,0,0,0,0
457,Unconsolidated Shore to Cultivated,0,0,0,0,0,0,0,0,0,0,0,0,0,0,0,0,0,0,0,0,0,0,0,0,0,0,0,0,0,0,0,0,0,0,0,0,0,0,0,0,0,0,0,0,0,0
458,Unconsolidated Shore to Pasture/Hay,0,0,0,0,0,0,0,0,0,0,0,0,0,0,0,0,0,0,0,0,0,0,0,0,0,0,0,0,0,0,0,0,0,0,0,0,0,0,0,0,0,0,0,0,0,0
459,Unconsolidated Shore to Grassland,0,0,0,0,0,0,0,0,0,0,0,0,0,0,0,0,0,0,0,0,0,0,0,0,0,0,0,0,0,0,0,0,0,0,0,0,0,0,0,0,0,0,0,0,0,0
460,Unconsolidated Shore to Deciduous Forest,0,0,0,0,0,0,0,0,0,0,0,0,0,0,0,0,0,0,0,0,0,0,0,0,0,0,0,0,0,0,0,0,0,0,0,0,0,0,0,0,0,0,0,0,0,0
461,Unconsolidated Shore to Evergreen Forest,0,0,0,0,0,0,0,0,0,0,0,0,0,0,0,0,0,0,0,0,0,0,0,0,0,0,0,0,0,0,0,0,0,0,0,0,0,0,0,0,0,0,0,0,0,0
462,Unconsolidated Shore to Mixed Forest,0,0,0,0,0,0,0,0,0,0,0,0,0,0,0,0,0,0,0,0,0,0,0,0,0,0,0,0,0,0,0,0,0,0,0,0,0,0,0,0,0,0,0,0,0,0
463,Unconsolidated Shore to Scrub/Shrub,0,0,0,0,0,0,0,0,2,0,0,0,0,0,0,1,0,0,0,0,0,0,0,0,0,0,0,0,0,0,0,0,0,0,1,1,0,0,0,0,0,0,0,0,0,0
464,Unconsolidated Shore to Palustrine Forested Wetland,0,0,0,0,0,0,0,0,0,0,0,0,0,0,0,0,0,0,0,0,0,0,0,0,0,0,0,0,0,0,0,0,0,0,0,0,0,0,0,0,0,0,0,0,0,0
465,Unconsolidated Shore to Palustrine Scrub/Shrub Wetland,0,2,0,0,0,0,0,0,3,0,0,0,0,0,0,0,0,0,0,1,0,0,0,0,0,0,0,0,0,0,0,0,0,0,0,2,0,0,0,0,0,0,0,0,0,0
466,Unconsolidated Shore to Palustrine Emergent Wetland,0,5,0,0,0,0,0,0,0,0,0,0,0,0,1,0,0,0,0,0,0,0,0,0,0,0,0,0,0,0,0,0,0,0,0,0,0,0,7,0,0,0,0,2,0,0
467,Unconsolidated Shore to Estuarine Forested Wetland,0,0,0,0,0,0,0,0,0,0,0,0,0,0,0,0,0,0,0,0,0,0,0,0,0,0,0,0,0,0,0,0,0,0,0,0,0,0,0,0,0,0,0,0,0,0
468,Unconsolidated Shore to Estuarine Scrub/Shrub Wetland,0,0,9,0,0,0,0,0,0,0,0,0,0,0,0,0,0,2,0,0,0,0,4,0,0,0,0,0,0,0,0,0,0,0,0,0,0,0,0,0,0,0,0,1,0,0
469,Unconsolidated Shore to Estuarine Emergent Wetland,0,0,8,0,7,0,0,0,0,0,0,0,0,0,0,0,0,0,0,3,0,0,7,0,0,0,0,0,0,0,0,0,0,0,2,40,0,0,0,0,0,0,0,1,0,0
470,Unconsolidated Shore to Unconsolidated Shore,0,4571,89,38,2347,5,1856,4,19320,260,0,2357,187,4,23,859,31,72,260,3109,377,0,145,5,8,0,254,3812,99,94,22,3577,4105,34,3126,2160,157,30,8716,28,29,272,124,130,14,377
471,Unconsolidated Shore to Bare Land,0,111,0,0,9,0,11,0,0,0,0,0,0,0,0,1,0,0,3,93,0,0,0,0,0,0,0,4,0,11,0,0,24,0,181,4,0,0,0,0,0,0,0,3,0,0
472,Unconsolidated Shore to Water,0,217,11,0,0,0,9,0,0,0,0,0,1,0,15,3,0,1,0,118,20,0,240,0,0,0,0,2,0,57,0,18,7,0,4,27,0,2,0,0,1,20,0,6,0,0
473,Unconsolidated Shore to Palustrine Aquatic Bed,0,0,0,0,0,0,0,0,0,0,0,0,0,0,0,0,0,0,0,0,0,0,0,0,0,0,0,0,0,0,0,0,0,0,0,0,0,0,0,0,0,0,0,0,0,0
474,Unconsolidated Shore to Estuarine Aquatic Bed,0,0,0,0,0,0,0,0,0,0,0,0,0,0,0,0,0,0,0,0,0,0,2,0,0,0,0,0,0,0,0,0,0,0,62,0,0,0,0,0,0,0,0,0,0,0
475,Unconsolidated Shore to Tundra,0,0,0,0,0,0,0,0,0,0,0,0,0,0,0,0,0,0,0,0,0,0,0,0,0,0,0,0,0,0,0,0,0,0,0,0,0,0,0,0,0,0,0,0,0,0
476,Unconsolidated Shore to Snow/Ice,0,0,0,0,0,0,0,0,0,0,0,0,0,0,0,0,0,0,0,0,0,0,0,0,0,0,0,0,0,0,0,0,0,0,0,0,0,0,0,0,0,0,0,0,0,0
477,Bare Land to Unclassified,0,0,0,0,0,0,0,0,0,0,0,0,0,0,0,0,0,0,0,0,0,0,0,0,0,0,0,0,0,0,0,0,0,0,0,0,0,0,0,0,0,0,0,0,0,0
478,Bare Land to High Intensity Developed,19,0,87,2,5,0,17,0,0,0,1,4,9,0,0,52,0,0,7,9,0,0,0,0,0,0,0,1,23,9,58,24,5,49,0,19,0,0,0,0,26,2,3,0,14,14
479,Bare Land to Medium Intensity Developed,275,0,433,35,38,0,29,0,0,143,30,24,1,0,0,149,30,23,33,267,35,9,0,0,0,0,0,64,121,6,223,29,106,186,9,124,7,0,0,0,44,110,54,109,321,313
480,Bare Land to Low Intensity Developed,332,0,248,40,49,0,92,0,0,303,73,12,22,0,0,124,31,40,74,278,201,8,0,0,0,0,0,89,104,4,291,29,186,110,13,162,222,0,1,0,76,289,6,264,266,745
481,Bare Land to Developed Open Space,177,1,106,66,28,0,337,0,0,231,110,12,8,0,0,86,17,8,197,83,383,0,0,0,0,0,0,103,36,0,224,16,115,232,6,68,144,0,0,0,24,353,1,93,199,355
482,Bare Land to Cultivated,0,0,0,0,0,0,0,0,0,0,0,0,0,0,0,0,0,0,0,0,7,0,0,0,0,0,0,0,0,0,0,0,0,0,0,0,86,0,0,0,0,0,0,0,0,0
483,Bare Land to Pasture/Hay,0,0,206,0,0,0,0,0,0,0,0,0,0,0,0,0,0,0,0,0,310,0,0,0,0,0,0,0,0,0,0,0,0,0,0,0,0,0,0,0,0,0,0,0,0,0
484,Bare Land to Grassland,99,0,38,0,91,0,13,0,2,7,42,82,72,0,9,10,0,6,219,214,541,0,0,0,0,0,0,1,3,2,9,0,164,195,69,7,352,2,25,0,15,245,0,46,7,598
485,Bare Land to Deciduous Forest,0,0,0,0,0,0,0,0,0,0,0,0,0,0,0,0,0,0,0,0,0,0,0,0,0,0,0,0,0,0,0,0,0,0,0,0,0,0,0,0,0,0,0,0,0,0
486,Bare Land to Evergreen Forest,0,0,2,0,0,0,0,0,0,0,0,0,0,0,0,0,0,0,0,0,0,0,0,0,0,0,0,0,0,0,0,0,0,11,4,0,0,0,12,0,0,2,4,0,0,0
487,Bare Land to Mixed Forest,0,0,0,0,0,0,0,0,0,0,0,0,0,0,0,0,0,0,0,0,0,0,0,0,0,0,0,0,0,0,0,0,0,0,0,0,0,0,0,0,0,0,0,0,0,0
488,Bare Land to Scrub/Shrub,17,1,0,0,324,0,188,0,303,4,18,528,0,0,0,53,0,0,34,33,0,0,0,0,0,0,0,4,0,30,45,7,25,0,11,52,3,0,6,0,0,2,3,4,5,0
489,Bare Land to Palustrine Forested Wetland,0,0,0,0,0,0,0,0,0,0,0,0,0,0,0,0,0,0,0,0,0,0,0,0,0,0,0,0,0,0,0,0,0,0,0,0,1,0,0,0,0,0,0,0,0,0
490,Bare Land to Palustrine Scrub/Shrub Wetland,1,10,3,0,42,0,2,0,6,7,1,6,0,0,0,1,0,7,83,27,7,0,0,0,0,0,0,3,3,7,5,14,22,16,5,4,26,0,0,0,0,15,0,30,5,14
491,Bare Land to Palustrine Emergent Wetland,0,9,12,0,7,0,0,0,0,0,0,0,0,0,20,1,0,2,1,2,36,0,0,0,0,0,0,0,6,3,0,1,1,45,4,0,272,0,4,0,5,9,0,102,8,3
492,Bare Land to Estuarine Forested Wetland,0,0,0,0,0,0,0,0,0,0,0,0,0,0,0,0,0,0,0,0,0,0,0,0,0,0,0,0,0,0,0,0,0,0,0,0,0,0,0,0,0,0,0,0,0,0
493,Bare Land to Estuarine Scrub/Shrub Wetland,0,0,0,0,0,0,0,0,0,0,0,0,0,0,0,0,0,0,0,0,0,0,0,0,0,0,0,0,0,0,0,0,0,0,0,12,0,1,0,0,0,0,0,0,0,0
494,Bare Land to Estuarine Emergent Wetland,0,0,8,0,3,0,0,0,0,0,0,0,0,0,0,0,0,3,0,0,0,0,0,0,0,0,0,0,0,0,0,0,0,0,1,25,0,2,0,1,0,0,3,51,12,0
495,Bare Land to Unconsolidated Shore,0,9,0,0,0,0,0,0,0,0,0,0,0,0,0,0,0,0,0,391,0,0,0,0,0,0,0,4,0,0,0,0,101,0,9,258,0,0,0,0,0,0,0,0,0,0
496,Bare Land to Bare Land,956,5909,1319,180,5498,66,5968,0,466,996,1410,3832,1280,150,2408,2056,447,596,1400,7956,1067,52,1,335,267,0,926,4659,1244,1698,503,1690,3920,152,4860,5531,1146,450,3148,1652,561,992,120,757,641,1772
497,Bare Land to Water,1,205,44,1,19,0,21,0,0,59,62,0,12,0,114,17,7,15,51,152,178,0,0,0,0,0,0,7,73,133,16,7,46,56,28,116,426,30,0,6,12,53,0,66,131,55
498,Bare Land to Palustrine Aquatic Bed,0,0,0,0,0,0,0,0,0,0,0,0,0,0,0,0,0,0,0,0,0,0,0,0,0,0,0,0,0,0,0,0,0,0,0,0,0,0,0,0,0,0,0,0,0,0
499,Bare Land to Estuarine Aquatic Bed,0,0,0,0,0,0,0,0,0,0,0,0,0,0,0,0,0,0,0,0,0,0,0,0,0,0,0,0,0,0,0,0,0,0,2,0,0,0,0,0,0,0,0,0,0,0
500,Bare Land to Tundra,0,0,0,0,0,0,0,0,0,0,0,0,0,0,0,0,0,0,0,0,0,0,0,0,0,0,0,0,0,0,0,0,0,0,0,0,0,0,0,0,0,0,0,0,0,0
501,Bare Land to Snow/Ice,0,0,0,0,0,0,0,0,0,0,0,0,0,0,0,0,0,0,0,0,0,0,0,0,0,0,0,0,0,0,0,0,0,0,0,0,0,0,0,0,0,0,0,0,0,0
502,Water to Unclassified,0,0,0,0,0,0,0,0,0,0,0,0,0,0,0,0,0,0,0,0,0,0,0,0,0,0,0,0,0,0,0,0,0,0,0,0,0,0,0,0,0,0,0,0,0,0
503,Water to High Intensity Developed,1,0,1,2,25,0,0,0,0,1,0,1,4,0,0,3,6,1,1,5,0,0,0,0,0,0,2,0,3,0,1,0,1,0,0,0,0,0,0,0,17,7,7,1,0,1
504,Water to Medium Intensity Developed,2,0,17,4,1,0,1,0,0,11,0,11,13,0,0,8,8,2,0,12,6,1,0,0,0,0,1,0,12,0,1,248,6,0,0,1,0,1,0,3,1,3,6,2,5,11
505,Water to Low Intensity Developed,0,0,21,4,2,0,5,0,0,10,0,8,23,0,0,4,15,2,0,12,24,3,0,0,0,0,0,4,20,1,2,2,9,3,0,0,0,0,0,3,0,6,4,22,13,32
506,Water to Developed Open Space,0,0,25,13,7,0,11,0,0,18,0,5,7,0,0,7,1,1,5,17,41,2,0,0,0,0,0,3,5,1,5,2,3,3,0,1,4,0,0,2,4,5,7,18,8,61
507,Water to Cultivated,0,0,0,0,0,0,0,0,0,0,0,0,0,0,0,0,0,0,0,0,0,0,0,0,0,0,0,0,0,0,0,0,0,0,0,0,0,0,0,0,0,0,0,0,0,0
508,Water to Pasture/Hay,0,0,0,0,0,0,0,0,0,0,1,0,0,0,2,2,0,0,0,0,0,0,0,0,0,0,0,0,0,0,0,0,0,0,0,0,0,0,0,0,0,0,0,0,0,0
509,Water to Grassland,1,2,11,3,10,0,0,0,0,2,0,32,0,0,0,12,0,7,0,21,3,0,0,0,0,0,1,0,43,1,0,0,11,10,1,6,1,4,0,1,0,4,1,2,0,19
510,Water to Deciduous Forest,0,0,0,0,0,0,0,0,0,0,0,0,0,0,0,0,0,0,0,0,0,0,0,0,0,0,0,0,0,0,0,0,0,0,0,0,0,0,0,0,0,0,0,0,0,0
511,Water to Evergreen Forest,0,4,0,0,9,1,0,0,0,0,1,0,0,0,0,0,0,0,0,0,0,0,0,0,0,0,0,0,1,0,0,0,0,0,0,0,1,0,0,0,0,0,2,0,0,0
512,Water to Mixed Forest,0,0,0,0,0,0,0,0,0,0,0,0,0,0,0,0,0,0,0,0,0,0,0,0,0,0,0,0,0,0,0,0,0,0,0,0,0,0,0,0,0,0,0,0,0,0
513,Water to Scrub/Shrub,1,0,6,1,2,0,0,0,1,0,0,13,0,0,1,0,0,1,0,42,0,0,0,0,0,0,0,20,3,2,1,0,4,7,0,3,1,0,0,1,0,1,2,0,0,1
514,Water to Palustrine Forested Wetland,0,0,0,0,0,0,0,0,0,0,0,0,0,0,0,0,0,0,0,0,0,0,0,0,0,0,0,0,0,0,0,0,0,0,0,0,0,0,0,0,0,0,0,0,0,0
515,Water to Palustrine Scrub/Shrub Wetland,5,4,6,0,11,0,0,0,0,5,0,9,0,0,0,3,0,0,0,56,0,0,0,0,0,0,12,16,9,0,17,0,5,0,1,7,1,0,0,0,0,6,14,14,0,2
516,Water to Palustrine Emergent Wetland,55,2,101,2,176,0,10,0,0,0,6,19,24,0,30,2,0,7,7,195,10,0,0,0,0,0,109,7,35,37,0,1,16,54,0,0,106,8,54,25,28,14,8,16,6,48
517,Water to Estuarine Forested Wetland,0,0,0,0,0,0,0,0,0,0,0,0,0,0,0,0,0,0,0,0,0,0,0,0,0,0,0,0,0,0,0,0,0,0,0,0,0,0,0,0,0,0,0,0,0,0
518,Water to Estuarine Scrub/Shrub Wetland,0,0,0,0,0,0,0,0,0,0,0,0,0,0,0,0,0,0,0,0,0,0,0,0,0,0,0,0,0,0,0,0,0,0,0,0,0,0,0,0,0,0,0,0,0,0
519,Water to Estuarine Emergent Wetland,0,0,108,0,52,112,1,160,0,1,0,0,16,0,1,0,0,7,0,257,0,1064,11,0,25,0,357,0,6,0,0,0,0,0,12,0,0,0,0,5,0,0,10,41,2,0
520,Water to Unconsolidated Shore,0,60,0,0,0,0,0,100,0,0,0,0,9,0,0,5,0,0,17,409,0,0,0,0,0,0,0,14,0,0,0,0,5,0,167,70,0,0,3942,0,0,0,0,0,0,0
521,Water to Bare Land,1,504,391,0,55,0,75,0,0,0,10,0,30,0,253,3,77,1,3,205,0,1,0,0,0,0,0,55,97,285,1,7,0,1,205,4,74,87,0,76,145,5,1,101,3,2
522,Water to Water,45607,318430,52158,118575,169900,322504,221385,239817,223475,183076,37735,50171,139340,469584,340106,10873,12933,137437,63040,133921,111388,63852,440746,369820,386296,394,215215,156007,145330,143300,106285,258898,66352,158415,212835,195912,88937,275937,67367,164277,159856,136810,36608,137107,207978,59219
523,Water to Palustrine Aquatic Bed,0,0,0,0,0,0,0,0,0,0,0,0,0,0,0,0,0,0,0,0,0,0,0,0,0,0,0,0,0,0,0,0,0,0,0,0,0,0,0,0,0,0,0,0,0,0
524,Water to Estuarine Aquatic Bed,0,0,0,0,0,0,0,24,0,0,0,0,0,0,0,0,0,0,0,0,0,0,0,0,0,0,0,0,0,0,0,0,0,0,2104,0,0,0,0,0,0,0,0,0,0,0
525,Water to Tundra,0,0,0,0,0,0,0,0,0,0,0,0,0,0,0,0,0,0,0,0,0,0,0,0,0,0,0,0,0,0,0,0,0,0,0,0,0,0,0,0,0,0,0,0,0,0
526,Water to Snow/Ice,0,0,0,0,0,0,0,0,0,0,0,0,0,0,0,0,0,0,0,0,0,0,0,0,0,0,0,0,0,0,0,0,0,0,0,0,0,0,0,0,0,0,0,0,0,0
527,Palustrine Aquatic Bed to Unclassified,0,0,0,0,0,0,0,0,0,0,0,0,0,0,0,0,0,0,0,0,0,0,0,0,0,0,0,0,0,0,0,0,0,0,0,0,0,0,0,0,0,0,0,0,0,0
528,Palustrine Aquatic Bed to High Intensity Developed,0,0,0,0,0,0,0,0,0,0,0,0,0,0,0,0,0,0,0,0,0,0,0,0,0,0,0,0,0,0,0,0,0,0,0,0,0,0,0,0,0,0,0,0,0,0
529,Palustrine Aquatic Bed to Medium Intensity Developed,0,0,0,0,0,0,0,0,0,0,0,0,0,0,0,0,0,0,0,0,0,0,0,0,0,0,0,0,0,0,0,0,0,0,0,0,0,0,0,0,0,0,0,0,0,0
530,Palustrine Aquatic Bed to Low Intensity Developed,0,0,0,0,0,0,0,0,0,0,0,0,0,0,0,0,0,1,0,0,0,0,0,0,0,0,0,0,0,0,0,0,0,0,0,0,0,0,0,0,0,0,0,0,0,0
531,Palustrine Aquatic Bed to Developed Open Space,0,0,0,0,0,0,0,0,0,0,0,0,0,0,0,0,0,0,0,0,0,0,0,0,0,0,0,0,1,0,0,0,0,0,0,0,0,0,0,0,0,0,0,0,0,0
532,Palustrine Aquatic Bed to Cultivated,0,0,0,0,0,0,0,0,0,0,0,0,0,0,0,0,0,0,0,0,0,0,0,0,0,0,0,0,0,0,0,0,0,0,0,0,0,0,0,0,0,0,0,0,0,0
533,Palustrine Aquatic Bed to Pasture/Hay,0,0,0,0,0,0,0,0,0,0,0,0,0,0,0,0,0,0,0,0,0,0,0,0,0,0,0,0,0,0,0,0,0,0,0,0,0,0,0,0,0,0,0,0,0,0
534,Palustrine Aquatic Bed to Grassland,0,0,0,0,0,0,0,0,0,0,0,0,0,0,0,0,0,0,0,0,0,0,0,0,0,0,0,0,0,0,0,0,0,0,0,0,0,0,0,0,0,0,0,0,0,0
535,Palustrine Aquatic Bed to Deciduous Forest,0,0,0,0,0,0,0,0,0,0,0,0,0,0,0,0,0,0,0,0,0,0,0,0,0,0,0,0,0,0,0,0,0,0,0,0,0,0,0,0,0,0,0,0,0,0
536,Palustrine Aquatic Bed to Evergreen Forest,0,0,0,0,0,0,0,0,0,0,0,0,0,0,0,0,0,1,0,0,0,0,0,0,0,0,0,0,0,0,0,0,0,0,0,0,0,0,0,0,0,0,0,0,0,0
537,Palustrine Aquatic Bed to Mixed Forest,0,0,0,0,0,0,0,0,0,0,0,0,0,0,0,0,0,0,0,0,0,0,0,0,0,0,0,0,0,0,0,0,0,0,0,0,0,0,0,0,0,0,0,0,0,0
538,Palustrine Aquatic Bed to Scrub/Shrub,0,0,0,0,0,0,0,0,0,0,0,0,0,0,0,0,0,0,0,0,0,0,0,0,0,0,0,0,0,0,0,0,0,0,0,0,0,0,0,0,0,0,0,0,0,0
539,Palustrine Aquatic Bed to Palustrine Forested Wetland,0,0,0,0,0,0,0,0,0,0,0,0,0,0,0,0,0,0,0,0,0,0,0,0,0,0,0,0,0,0,0,0,0,0,0,0,0,0,0,0,0,0,0,0,0,0
540,Palustrine Aquatic Bed to Palustrine Scrub/Shrub Wetland,0,0,0,0,0,0,0,0,0,0,0,0,0,0,0,0,0,0,0,0,0,0,0,0,0,0,2,0,0,0,1,0,0,0,0,0,0,0,0,0,0,0,0,0,0,0
541,Palustrine Aquatic Bed to Palustrine Emergent Wetland,0,0,2,0,0,0,0,0,0,0,0,0,0,0,0,0,0,1,0,0,0,0,0,0,0,0,6,0,0,0,1,0,0,0,0,0,0,0,0,1,0,0,1,1,0,0
542,Palustrine Aquatic Bed to Estuarine Forested Wetland,0,0,0,0,0,0,0,0,0,0,0,0,0,0,0,0,0,0,0,0,0,0,0,0,0,0,0,0,0,0,0,0,0,0,0,0,0,0,0,0,0,0,0,0,0,0
543,Palustrine Aquatic Bed to Estuarine Scrub/Shrub Wetland,0,0,0,0,0,0,0,0,0,0,0,0,0,0,0,0,0,0,0,0,0,0,0,0,0,0,0,0,0,0,0,0,0,0,0,0,0,0,0,0,0,0,0,0,0,0
544,Palustrine Aquatic Bed to Estuarine Emergent Wetland,0,0,0,0,0,0,0,0,0,0,0,0,0,0,0,0,0,0,0,0,0,0,0,0,0,0,0,0,0,0,0,0,0,0,0,0,0,0,0,0,0,0,0,0,0,0
545,Palustrine Aquatic Bed to Unconsolidated Shore,0,0,0,0,0,0,0,0,0,0,0,0,0,0,0,0,0,0,0,0,0,0,0,0,0,0,0,0,0,0,0,0,0,0,0,0,0,0,0,0,0,0,0,0,0,0
546,Palustrine Aquatic Bed to Bare Land,0,0,0,0,0,0,0,0,0,0,0,0,0,0,0,0,0,0,0,0,0,0,0,0,0,0,0,0,0,0,0,0,0,0,0,0,0,0,0,0,2,0,0,0,0,0
547,Palustrine Aquatic Bed to Water,0,0,2,0,0,1,0,0,0,1,0,0,1,0,0,0,1,1,3,0,0,0,0,0,0,0,2,0,1,0,0,0,0,1,0,0,0,0,0,0,0,0,0,0,0,0
548,Palustrine Aquatic Bed to Palustrine Aquatic Bed,37,0,106,229,2,20,8,0,0,283,22,0,57,0,3,0,119,129,37,0,46,30,10,56,81,3,249,0,85,100,214,6,0,204,1,0,49,25,11,93,65,148,119,73,133,52
549,Palustrine Aquatic Bed to Estuarine Aquatic Bed,0,0,0,0,0,0,0,0,0,0,0,0,0,0,0,0,0,0,0,0,0,0,0,0,0,0,0,0,0,0,0,0,0,0,0,0,0,0,0,0,0,0,0,0,0,0
550,Palustrine Aquatic Bed to Tundra,0,0,0,0,0,0,0,0,0,0,0,0,0,0,0,0,0,0,0,0,0,0,0,0,0,0,0,0,0,0,0,0,0,0,0,0,0,0,0,0,0,0,0,0,0,0
551,Palustrine Aquatic Bed to Snow/Ice,0,0,0,0,0,0,0,0,0,0,0,0,0,0,0,0,0,0,0,0,0,0,0,0,0,0,0,0,0,0,0,0,0,0,0,0,0,0,0,0,0,0,0,0,0,0
552,Estuarine Aquatic Bed to Unclassified,0,0,0,0,0,0,0,0,0,0,0,0,0,0,0,0,0,0,0,0,0,0,0,0,0,0,0,0,0,0,0,0,0,0,0,0,0,0,0,0,0,0,0,0,0,0
553,Estuarine Aquatic Bed to High Intensity Developed,0,0,0,0,0,0,0,0,0,0,0,0,0,0,0,0,0,0,0,0,0,0,0,0,0,0,0,0,0,0,0,0,0,0,0,0,0,0,0,0,0,0,0,0,0,0
554,Estuarine Aquatic Bed to Medium Intensity Developed,0,0,0,0,0,0,0,0,0,0,0,0,0,0,0,0,0,0,0,0,0,0,0,0,0,0,0,0,0,0,0,0,0,0,0,0,0,0,0,0,0,0,0,0,0,0
555,Estuarine Aquatic Bed to Low Intensity Developed,0,0,0,0,0,0,0,0,0,0,0,0,0,0,0,0,0,0,0,0,0,0,0,0,0,0,0,0,0,0,0,0,0,0,0,0,0,0,0,0,0,0,0,0,0,0
556,Estuarine Aquatic Bed to Developed Open Space,0,0,0,0,0,0,0,0,0,0,0,0,0,0,0,0,0,0,0,0,0,0,0,0,0,0,0,0,0,0,0,0,0,0,0,0,0,0,0,0,0,0,0,0,0,0
557,Estuarine Aquatic Bed to Cultivated,0,0,0,0,0,0,0,0,0,0,0,0,0,0,0,0,0,0,0,0,0,0,0,0,0,0,0,0,0,0,0,0,0,0,0,0,0,0,0,0,0,0,0,0,0,0
558,Estuarine Aquatic Bed to Pasture/Hay,0,0,0,0,0,0,0,0,0,0,0,0,0,0,0,0,0,0,0,0,0,0,0,0,0,0,0,0,0,0,0,0,0,0,0,0,0,0,0,0,0,0,0,0,0,0
559,Estuarine Aquatic Bed to Grassland,0,0,0,0,0,0,0,0,0,0,0,0,0,0,0,0,0,0,0,0,0,0,0,0,0,0,0,0,0,0,0,0,0,0,0,0,0,0,0,0,0,0,0,0,0,0
560,Estuarine Aquatic Bed to Deciduous Forest,0,0,0,0,0,0,0,0,0,0,0,0,0,0,0,0,0,0,0,0,0,0,0,0,0,0,0,0,0,0,0,0,0,0,0,0,0,0,0,0,0,0,0,0,0,0
561,Estuarine Aquatic Bed to Evergreen Forest,0,0,0,0,0,0,0,0,0,0,0,0,0,0,0,0,0,0,0,0,0,0,0,0,0,0,0,0,0,0,0,0,0,0,0,0,0,0,0,0,0,0,0,0,0,0
562,Estuarine Aquatic Bed to Mixed Forest,0,0,0,0,0,0,0,0,0,0,0,0,0,0,0,0,0,0,0,0,0,0,0,0,0,0,0,0,0,0,0,0,0,0,0,0,0,0,0,0,0,0,0,0,0,0
563,Estuarine Aquatic Bed to Scrub/Shrub,0,0,0,0,0,0,0,0,0,0,0,0,0,0,0,0,0,0,0,0,0,0,0,0,0,0,0,0,0,0,0,0,0,0,0,0,0,0,0,0,0,0,0,0,0,0
564,Estuarine Aquatic Bed to Palustrine Forested Wetland,0,0,0,0,0,0,0,0,0,0,0,0,0,0,0,0,0,0,0,0,0,0,0,0,0,0,0,0,0,0,0,0,0,0,0,0,0,0,0,0,0,0,0,0,0,0
565,Estuarine Aquatic Bed to Palustrine Scrub/Shrub Wetland,0,0,0,0,0,0,0,0,0,0,0,0,0,0,0,0,0,0,0,0,0,0,0,0,0,0,0,0,0,0,0,0,0,0,0,0,0,0,0,0,0,0,0,0,0,0
566,Estuarine Aquatic Bed to Palustrine Emergent Wetland,0,0,0,0,0,0,0,0,0,0,0,0,0,0,0,0,0,0,0,0,0,0,0,0,0,0,0,0,0,0,0,0,0,0,0,0,0,0,0,0,0,0,0,0,0,0
567,Estuarine Aquatic Bed to Estuarine Forested Wetland,0,0,0,0,0,0,0,0,0,0,0,0,0,0,0,0,0,0,0,0,0,0,0,0,0,0,0,0,0,0,0,0,0,0,0,0,0,0,0,0,0,0,0,0,0,0
568,Estuarine Aquatic Bed to Estuarine Scrub/Shrub Wetland,0,0,0,0,0,0,0,0,0,0,0,0,0,0,0,0,0,0,0,0,0,10,0,0,0,0,0,0,0,0,0,0,0,0,0,0,0,0,0,0,0,0,0,0,0,0
569,Estuarine Aquatic Bed to Estuarine Emergent Wetland,0,0,0,0,0,0,0,0,0,0,0,0,2,0,0,0,0,0,0,0,0,81,0,0,0,0,3,0,0,0,0,0,0,2,0,0,0,0,0,0,0,0,0,0,0,0
570,Estuarine Aquatic Bed to Unconsolidated Shore,0,0,0,0,0,0,0,0,0,0,0,0,0,0,0,0,0,0,0,0,0,0,0,0,0,0,0,0,0,0,0,0,0,0,1,0,0,0,0,0,0,0,0,0,0,0
571,Estuarine Aquatic Bed to Bare Land,0,0,0,0,0,0,0,0,0,0,0,0,0,0,0,0,0,0,0,0,0,0,0,0,0,0,0,0,0,0,0,0,0,0,0,0,0,0,0,0,0,0,0,0,0,0
572,Estuarine Aquatic Bed to Water,0,0,0,0,0,15,0,0,0,0,0,0,41,0,0,0,0,9,0,0,0,6,0,0,0,0,1,0,0,2,0,0,0,0,0,0,0,0,0,0,0,0,0,0,0,0
573,Estuarine Aquatic Bed to Palustrine Aquatic Bed,0,0,0,0,0,0,0,0,0,0,0,0,0,0,0,0,0,0,0,0,0,0,0,0,0,0,0,0,0,0,0,0,0,0,0,0,0,0,0,0,0,0,0,0,0,0
574,Estuarine Aquatic Bed to Estuarine Aquatic Bed,4,0,10,7262,99,127281,21,64870,0,15033,86,0,20006,18997,13461,0,8,11630,3814,0,30,50610,24557,65841,31344,0,11315,0,190,7174,840,394,0,123,429,0,0,13555,0,1249,1043,1500,0,921,1108,9
